Longitude (x),Latitude (y),Station Name,Climate ID,Date/Time (LST),Year,Month,Day,Time (LST),Temp (°„C),Temp Flag,Dew Point Temp (°„C),Dew Point Temp Flag,Rel Hum (%),Rel Hum Flag,Precip. Amount (mm),Precip. Amount Flag,Wind Dir (10s deg),Wind Dir Flag,Wind Spd (km/h),Wind Spd Flag,Visibility (km),Visibility Flag,Stn Press (kPa),Stn Press Flag,Hmdx,Hmdx Flag,Wind Chill,Wind Chill Flag,Weather
-113.52,53.57,EDMONTON BLATCHFORD,3012209,2020/1/1 0:00,2020,1,1,0:00,-0.9,,-4.1,,79,,0,,27,,3,,,,91.26,,,,-2,,NA
-113.52,53.57,EDMONTON BLATCHFORD,3012209,2020/1/1 1:00,2020,1,1,1:00,-2.2,,-4.7,,83,,0,,22,,6,,,,91.21,,,,-5,,NA
-113.52,53.57,EDMONTON BLATCHFORD,3012209,2020/1/1 2:00,2020,1,1,2:00,-1.7,,-4.3,,82,,0,,22,,4,,,,91.19,,,,-3,,NA
-113.52,53.57,EDMONTON BLATCHFORD,3012209,2020/1/1 3:00,2020,1,1,3:00,-1.1,,-3.7,,82,,0,,23,,1,,,,91.2,,,,-1,,NA
-113.52,53.57,EDMONTON BLATCHFORD,3012209,2020/1/1 4:00,2020,1,1,4:00,0.8,,-2.2,,80,,0,,29,,7,,,,91.21,,,,,,NA
-113.52,53.57,EDMONTON BLATCHFORD,3012209,2020/1/1 5:00,2020,1,1,5:00,0.2,,-2.4,,83,,0,,27,,1,,,,91.23,,,,,,NA
-113.52,53.57,EDMONTON BLATCHFORD,3012209,2020/1/1 6:00,2020,1,1,6:00,-0.4,,-2.7,,85,,0,,27,,6,,,,91.23,,,,-2,,NA
-113.52,53.57,EDMONTON BLATCHFORD,3012209,2020/1/1 7:00,2020,1,1,7:00,-0.3,,-3,,82,,0,,29,,6,,,,91.27,,,,-2,,NA
-113.52,53.57,EDMONTON BLATCHFORD,3012209,2020/1/1 8:00,2020,1,1,8:00,-2.1,,-4,,87,,0,,30,,4,,,,91.35,,,,-4,,NA
-113.52,53.57,EDMONTON BLATCHFORD,3012209,2020/1/1 9:00,2020,1,1,9:00,-4.8,,-5.9,,92,,0,,27,,1,,,,91.42,,,,-5,,NA
-113.52,53.57,EDMONTON BLATCHFORD,3012209,2020/1/1 10:00,2020,1,1,10:00,-2,,-2.7,,95,,0,,30,,6,,,,91.49,,,,-4,,NA
-113.52,53.57,EDMONTON BLATCHFORD,3012209,2020/1/1 11:00,2020,1,1,11:00,-0.1,,-3.2,,79,,0,,31,,11,,,,91.51,,,,-4,,NA
-113.52,53.57,EDMONTON BLATCHFORD,3012209,2020/1/1 12:00,2020,1,1,12:00,1.4,,-3.2,,71,,0,,25,,3,,,,91.55,,,,,,NA
-113.52,53.57,EDMONTON BLATCHFORD,3012209,2020/1/1 13:00,2020,1,1,13:00,1.9,,-2.9,,70,,0,,28,,7,,,,91.58,,,,,,NA
-113.52,53.57,EDMONTON BLATCHFORD,3012209,2020/1/1 14:00,2020,1,1,14:00,3.8,,-2.5,,63,,0,,28,,3,,,,91.57,,,,,,NA
-113.52,53.57,EDMONTON BLATCHFORD,3012209,2020/1/1 15:00,2020,1,1,15:00,2,,-3.4,,67,,0,,28,,6,,,,91.63,,,,,,NA
-113.52,53.57,EDMONTON BLATCHFORD,3012209,2020/1/1 16:00,2020,1,1,16:00,-1.3,,-4.2,,81,,0,,24,,4,,,,91.66,,,,-3,,NA
-113.52,53.57,EDMONTON BLATCHFORD,3012209,2020/1/1 17:00,2020,1,1,17:00,-3.4,,-5,,89,,0,,22,,3,,,,91.69,,,,-5,,NA
-113.52,53.57,EDMONTON BLATCHFORD,3012209,2020/1/1 18:00,2020,1,1,18:00,-3.5,,-4.4,,93,,0,,22,,7,,,,91.7,,,,-6,,NA
-113.52,53.57,EDMONTON BLATCHFORD,3012209,2020/1/1 19:00,2020,1,1,19:00,-3.5,,-4.3,,94,,0,,23,,7,,,,91.68,,,,-6,,NA
-113.52,53.57,EDMONTON BLATCHFORD,3012209,2020/1/1 20:00,2020,1,1,20:00,-5.2,,-5.8,,95,,0,,22,,3,,,,91.68,,,,-7,,NA
-113.52,53.57,EDMONTON BLATCHFORD,3012209,2020/1/1 21:00,2020,1,1,21:00,-4.8,,-5.3,,96,,0,,23,,6,,,,91.7,,,,-8,,NA
-113.52,53.57,EDMONTON BLATCHFORD,3012209,2020/1/1 22:00,2020,1,1,22:00,-5.3,,-5.9,,96,,0,,0,,1,,,,91.69,,,,-6,,NA
-113.52,53.57,EDMONTON BLATCHFORD,3012209,2020/1/1 23:00,2020,1,1,23:00,-4.2,,-5,,94,,0,,19,,5,,,,91.71,,,,-6,,NA
-113.52,53.57,EDMONTON BLATCHFORD,3012209,2020/1/2 0:00,2020,1,2,0:00,-3.6,,-4.5,,93,,0,,21,,5,,,,91.71,,,,-6,,NA
-113.52,53.57,EDMONTON BLATCHFORD,3012209,2020/1/2 1:00,2020,1,2,1:00,-2.8,,-4.1,,91,,0,,22,,8,,,,91.72,,,,-6,,NA
-113.52,53.57,EDMONTON BLATCHFORD,3012209,2020/1/2 2:00,2020,1,2,2:00,-2.5,,-3.3,,94,,0,,28,,4,,,,91.77,,,,-4,,NA
-113.52,53.57,EDMONTON BLATCHFORD,3012209,2020/1/2 3:00,2020,1,2,3:00,0.3,,-0.4,,95,,0.2,,35,,13,,,,91.82,,,,,,NA
-113.52,53.57,EDMONTON BLATCHFORD,3012209,2020/1/2 4:00,2020,1,2,4:00,0.3,,-1.3,,89,,0,,30,,10,,,,91.94,,,,,,NA
-113.52,53.57,EDMONTON BLATCHFORD,3012209,2020/1/2 5:00,2020,1,2,5:00,0,,-3.1,,80,,0,,30,,14,,,,92,,,,-4,,NA
-113.52,53.57,EDMONTON BLATCHFORD,3012209,2020/1/2 6:00,2020,1,2,6:00,0.5,,-7.9,,54,,0,,31,,19,,,,92.08,,,,,,NA
-113.52,53.57,EDMONTON BLATCHFORD,3012209,2020/1/2 7:00,2020,1,2,7:00,0.3,,-10.6,,44,,0,,30,,17,,,,92.12,,,,,,NA
-113.52,53.57,EDMONTON BLATCHFORD,3012209,2020/1/2 8:00,2020,1,2,8:00,-0.4,,-12.1,,41,,0,,30,,19,,,,92.19,,,,-6,,NA
-113.52,53.57,EDMONTON BLATCHFORD,3012209,2020/1/2 9:00,2020,1,2,9:00,-1.3,,-13.5,,39,,0,,29,,20,,,,92.25,,,,-7,,NA
-113.52,53.57,EDMONTON BLATCHFORD,3012209,2020/1/2 10:00,2020,1,2,10:00,-1.1,,-14.1,,36,,0,,29,,19,,,,92.35,,,,-6,,NA
-113.52,53.57,EDMONTON BLATCHFORD,3012209,2020/1/2 11:00,2020,1,2,11:00,-0.6,,-13.7,,36,,0,,29,,28,,,,92.41,,,,-7,,NA
-113.52,53.57,EDMONTON BLATCHFORD,3012209,2020/1/2 12:00,2020,1,2,12:00,-0.9,,-12.4,,41,,0,,28,,23,,,,92.41,,,,-7,,NA
-113.52,53.57,EDMONTON BLATCHFORD,3012209,2020/1/2 13:00,2020,1,2,13:00,-0.9,,-11.9,,43,,0,,29,,25,,,,92.44,,,,-7,,NA
-113.52,53.57,EDMONTON BLATCHFORD,3012209,2020/1/2 14:00,2020,1,2,14:00,-1.1,,-11.8,,44,,0,,29,,24,,,,92.49,,,,-7,,NA
-113.52,53.57,EDMONTON BLATCHFORD,3012209,2020/1/2 15:00,2020,1,2,15:00,-1,,-11.5,,45,,0,,30,,30,,,,92.57,,,,-8,,NA
-113.52,53.57,EDMONTON BLATCHFORD,3012209,2020/1/2 16:00,2020,1,2,16:00,-1.3,,-10.8,,48,,0,,30,,29,,,,92.67,,,,-8,,NA
-113.52,53.57,EDMONTON BLATCHFORD,3012209,2020/1/2 17:00,2020,1,2,17:00,-1.6,,-10.1,,52,,0,,30,,29,,,,92.78,,,,-8,,NA
-113.52,53.57,EDMONTON BLATCHFORD,3012209,2020/1/2 18:00,2020,1,2,18:00,-2.4,,-9.1,,60,,0,,30,,27,,,,92.87,,,,-9,,NA
-113.52,53.57,EDMONTON BLATCHFORD,3012209,2020/1/2 19:00,2020,1,2,19:00,-2.3,,-9.7,,57,,0,,30,,24,,,,92.93,,,,-9,,NA
-113.52,53.57,EDMONTON BLATCHFORD,3012209,2020/1/2 20:00,2020,1,2,20:00,-2.6,,-10.4,,55,,0,,30,,24,,,,92.98,,,,-9,,NA
-113.52,53.57,EDMONTON BLATCHFORD,3012209,2020/1/2 21:00,2020,1,2,21:00,-2.8,,-10.5,,55,,0,,31,,21,,,,93.1,,,,-9,,NA
-113.52,53.57,EDMONTON BLATCHFORD,3012209,2020/1/2 22:00,2020,1,2,22:00,-3.1,,-10.8,,55,,0,,31,,18,,,,93.14,,,,-9,,NA
-113.52,53.57,EDMONTON BLATCHFORD,3012209,2020/1/2 23:00,2020,1,2,23:00,-3.6,,-11.3,,55,,0,,31,,18,,,,93.15,,,,-9,,NA
-113.52,53.57,EDMONTON BLATCHFORD,3012209,2020/1/3 0:00,2020,1,3,0:00,-4.6,,-11.6,,58,,0,,29,,11,,,,93.17,,,,-9,,NA
-113.52,53.57,EDMONTON BLATCHFORD,3012209,2020/1/3 1:00,2020,1,3,1:00,-5.4,,-12.2,,59,,0,,29,,8,,,,93.19,,,,-9,,NA
-113.52,53.57,EDMONTON BLATCHFORD,3012209,2020/1/3 2:00,2020,1,3,2:00,-6.7,,-12.7,,62,,0,,23,,3,,,,93.23,,,,-8,,NA
-113.52,53.57,EDMONTON BLATCHFORD,3012209,2020/1/3 3:00,2020,1,3,3:00,-7.8,,-12.6,,68,,0,,20,,5,,,,93.27,,,,-10,,NA
-113.52,53.57,EDMONTON BLATCHFORD,3012209,2020/1/3 4:00,2020,1,3,4:00,-8.5,,-13,,70,,0,,18,,5,,,,93.21,,,,-11,,NA
-113.52,53.57,EDMONTON BLATCHFORD,3012209,2020/1/3 5:00,2020,1,3,5:00,-7.7,,-12.3,,69,,0,,8,,5,,,,93.1,,,,-10,,NA
-113.52,53.57,EDMONTON BLATCHFORD,3012209,2020/1/3 6:00,2020,1,3,6:00,-7.7,,-12.1,,71,,0,,25,,5,,,,93.09,,,,-10,,NA
-113.52,53.57,EDMONTON BLATCHFORD,3012209,2020/1/3 7:00,2020,1,3,7:00,-7.8,,-12.8,,67,,0,,24,,5,,,,93.13,,,,-10,,NA
-113.52,53.57,EDMONTON BLATCHFORD,3012209,2020/1/3 8:00,2020,1,3,8:00,-7.6,,-11.7,,72,,0,,11,,4,,,,93.09,,,,-10,,NA
-113.52,53.57,EDMONTON BLATCHFORD,3012209,2020/1/3 9:00,2020,1,3,9:00,-6.8,,-12.2,,66,,0,,13,,9,,,,93,,,,-11,,NA
-113.52,53.57,EDMONTON BLATCHFORD,3012209,2020/1/3 10:00,2020,1,3,10:00,-5.9,,-12.6,,59,,0,,13,,10,,,,92.97,,,,-10,,NA
-113.52,53.57,EDMONTON BLATCHFORD,3012209,2020/1/3 11:00,2020,1,3,11:00,-4.9,,-12.9,,53,,0,,14,,14,,,,92.97,,,,-10,,NA
-113.52,53.57,EDMONTON BLATCHFORD,3012209,2020/1/3 12:00,2020,1,3,12:00,-4.2,,-12.4,,53,,0,,14,,16,,,,92.88,,,,-10,,NA
-113.52,53.57,EDMONTON BLATCHFORD,3012209,2020/1/3 13:00,2020,1,3,13:00,-3.7,,-12.6,,50,,0,,13,,19,,,,92.77,,,,-10,,NA
-113.52,53.57,EDMONTON BLATCHFORD,3012209,2020/1/3 14:00,2020,1,3,14:00,-3.1,,-13.2,,45,,0,,13,,17,,,,92.73,,,,-9,,NA
-113.52,53.57,EDMONTON BLATCHFORD,3012209,2020/1/3 15:00,2020,1,3,15:00,-3,,-12.5,,48,,0,,13,,13,,,,92.64,,,,-8,,NA
-113.52,53.57,EDMONTON BLATCHFORD,3012209,2020/1/3 16:00,2020,1,3,16:00,-3.5,,-11.7,,53,,0,,16,,24,,,,92.67,,,,-10,,NA
-113.52,53.57,EDMONTON BLATCHFORD,3012209,2020/1/3 17:00,2020,1,3,17:00,-4.9,,-8.8,,74,,0,,13,,19,,,,92.58,,,,-11,,NA
-113.52,53.57,EDMONTON BLATCHFORD,3012209,2020/1/3 18:00,2020,1,3,18:00,-4.9,,-8.1,,78,,0,,14,,12,,,,92.57,,,,-10,,NA
-113.52,53.57,EDMONTON BLATCHFORD,3012209,2020/1/3 19:00,2020,1,3,19:00,-4.7,,-9.8,,67,,0,,14,,18,,,,92.46,,,,-11,,NA
-113.52,53.57,EDMONTON BLATCHFORD,3012209,2020/1/3 20:00,2020,1,3,20:00,-4.8,,-10,,67,,0,,14,,16,,,,92.39,,,,-11,,NA
-113.52,53.57,EDMONTON BLATCHFORD,3012209,2020/1/3 21:00,2020,1,3,21:00,-4.8,,-9.7,,68,,0,,14,,15,,,,92.28,,,,-10,,NA
-113.52,53.57,EDMONTON BLATCHFORD,3012209,2020/1/3 22:00,2020,1,3,22:00,-4.8,,-9.6,,69,,0,,15,,15,,,,92.18,,,,-10,,NA
-113.52,53.57,EDMONTON BLATCHFORD,3012209,2020/1/3 23:00,2020,1,3,23:00,-5.1,,-9.3,,72,,0,,13,,11,,,,92.1,,,,-10,,NA
-113.52,53.57,EDMONTON BLATCHFORD,3012209,2020/1/4 0:00,2020,1,4,0:00,-5.2,,-9.2,,74,,0,,14,,14,,,,92,,,,-11,,NA
-113.52,53.57,EDMONTON BLATCHFORD,3012209,2020/1/4 1:00,2020,1,4,1:00,-5.4,,-9.2,,75,,0,,13,,11,,,,91.88,,,,-10,,NA
-113.52,53.57,EDMONTON BLATCHFORD,3012209,2020/1/4 2:00,2020,1,4,2:00,-5.4,,-9.1,,75,,0,,13,,12,,,,91.76,,,,-10,,NA
-113.52,53.57,EDMONTON BLATCHFORD,3012209,2020/1/4 3:00,2020,1,4,3:00,-5.6,,-9.1,,76,,0,,12,,8,,,,91.65,,,,-9,,NA
-113.52,53.57,EDMONTON BLATCHFORD,3012209,2020/1/4 4:00,2020,1,4,4:00,-6.8,,-9.6,,80,,0,,8,,7,,,,91.53,,,,-10,,NA
-113.52,53.57,EDMONTON BLATCHFORD,3012209,2020/1/4 5:00,2020,1,4,5:00,-7.9,,-10.1,,84,,0.2,,8,,3,,,,91.39,,,,-9,,NA
-113.52,53.57,EDMONTON BLATCHFORD,3012209,2020/1/4 6:00,2020,1,4,6:00,-7.8,,-9.7,,86,,0,,36,,4,,,,91.36,,,,-10,,NA
-113.52,53.57,EDMONTON BLATCHFORD,3012209,2020/1/4 7:00,2020,1,4,7:00,-6.8,,-9.5,,81,,0,,31,,28,,,,91.57,,,,-15,,NA
-113.52,53.57,EDMONTON BLATCHFORD,3012209,2020/1/4 8:00,2020,1,4,8:00,-6.7,,-9.6,,80,,0,,31,,11,,,,91.73,,,,-12,,NA
-113.52,53.57,EDMONTON BLATCHFORD,3012209,2020/1/4 9:00,2020,1,4,9:00,-6.2,,-9,,81,,0,,29,,11,,,,91.8,,,,-11,,NA
-113.52,53.57,EDMONTON BLATCHFORD,3012209,2020/1/4 10:00,2020,1,4,10:00,-4.5,,-7.6,,79,,0,,22,,6,,,,91.85,,,,-7,,NA
-113.52,53.57,EDMONTON BLATCHFORD,3012209,2020/1/4 11:00,2020,1,4,11:00,-0.3,,-5.5,,68,,0,,28,,14,,,,91.91,,,,-5,,NA
-113.52,53.57,EDMONTON BLATCHFORD,3012209,2020/1/4 12:00,2020,1,4,12:00,0.6,,-4.6,,68,,0,,26,,13,,,,91.98,,,,,,NA
-113.52,53.57,EDMONTON BLATCHFORD,3012209,2020/1/4 13:00,2020,1,4,13:00,2.1,,-5.1,,59,,0,,28,,20,,,,92.09,,,,,,NA
-113.52,53.57,EDMONTON BLATCHFORD,3012209,2020/1/4 14:00,2020,1,4,14:00,2.3,,-5.3,,57,,0,,30,,11,,,,92.21,,,,,,NA
-113.52,53.57,EDMONTON BLATCHFORD,3012209,2020/1/4 15:00,2020,1,4,15:00,2.6,,-5.1,,57,,0,,28,,20,,,,92.41,,,,,,NA
-113.52,53.57,EDMONTON BLATCHFORD,3012209,2020/1/4 16:00,2020,1,4,16:00,2.7,,-6.1,,52,,0,,29,,22,,,,92.63,,,,,,NA
-113.52,53.57,EDMONTON BLATCHFORD,3012209,2020/1/4 17:00,2020,1,4,17:00,2.3,,-7.3,,49,,0,,28,,29,,,,92.8,,,,,,NA
-113.52,53.57,EDMONTON BLATCHFORD,3012209,2020/1/4 18:00,2020,1,4,18:00,1.2,,-5.6,,60,,0,,32,,26,,,,93.01,,,,,,NA
-113.52,53.57,EDMONTON BLATCHFORD,3012209,2020/1/4 19:00,2020,1,4,19:00,0.5,,-6.4,,60,,0,,30,,17,,,,93.13,,,,,,NA
-113.52,53.57,EDMONTON BLATCHFORD,3012209,2020/1/4 20:00,2020,1,4,20:00,-2,,-6.9,,69,,0,,26,,8,,,,93.23,,,,-5,,NA
-113.52,53.57,EDMONTON BLATCHFORD,3012209,2020/1/4 21:00,2020,1,4,21:00,-3.1,,-8.7,,65,,0,,27,,8,,,,93.29,,,,-6,,NA
-113.52,53.57,EDMONTON BLATCHFORD,3012209,2020/1/4 22:00,2020,1,4,22:00,-3.7,,-9.4,,65,,0,,24,,7,,,,93.33,,,,-7,,NA
-113.52,53.57,EDMONTON BLATCHFORD,3012209,2020/1/4 23:00,2020,1,4,23:00,-4.8,,-9.8,,68,,0,,22,,10,,,,93.39,,,,-9,,NA
-113.52,53.57,EDMONTON BLATCHFORD,3012209,2020/1/5 0:00,2020,1,5,0:00,-6.1,,-10.2,,72,,0,,19,,5,,,,93.41,,,,-9,,NA
-113.52,53.57,EDMONTON BLATCHFORD,3012209,2020/1/5 1:00,2020,1,5,1:00,-5.9,,-11.1,,67,,0,,22,,9,,,,93.4,,,,-10,,NA
-113.52,53.57,EDMONTON BLATCHFORD,3012209,2020/1/5 2:00,2020,1,5,2:00,-6,,-11.7,,64,,0,,22,,5,,,,93.42,,,,-8,,NA
-113.52,53.57,EDMONTON BLATCHFORD,3012209,2020/1/5 3:00,2020,1,5,3:00,-6.5,,-12.6,,62,,0,,22,,7,,,,93.45,,,,-10,,NA
-113.52,53.57,EDMONTON BLATCHFORD,3012209,2020/1/5 4:00,2020,1,5,4:00,-7.6,,-14,,60,,0,,25,,3,,,,93.48,,,,-9,,NA
-113.52,53.57,EDMONTON BLATCHFORD,3012209,2020/1/5 5:00,2020,1,5,5:00,-7.7,,-13.6,,63,,0,,22,,7,,,,93.48,,,,-11,,NA
-113.52,53.57,EDMONTON BLATCHFORD,3012209,2020/1/5 6:00,2020,1,5,6:00,-9.6,,-13.5,,73,,0,,22,,5,,,,93.47,,,,-12,,NA
-113.52,53.57,EDMONTON BLATCHFORD,3012209,2020/1/5 7:00,2020,1,5,7:00,-8.5,,-13.4,,67,,0,,21,,7,,,,93.42,,,,-12,,NA
-113.52,53.57,EDMONTON BLATCHFORD,3012209,2020/1/5 8:00,2020,1,5,8:00,-10,,-14.1,,72,,0,,22,,3,,,,93.39,,,,-12,,NA
-113.52,53.57,EDMONTON BLATCHFORD,3012209,2020/1/5 9:00,2020,1,5,9:00,-10,,-14.1,,72,,0,,25,,6,,,,93.31,,,,-14,,NA
-113.52,53.57,EDMONTON BLATCHFORD,3012209,2020/1/5 10:00,2020,1,5,10:00,-7.4,,-13.6,,61,,0,,23,,7,,,,93.22,,,,-11,,NA
-113.52,53.57,EDMONTON BLATCHFORD,3012209,2020/1/5 11:00,2020,1,5,11:00,-4.2,,-12.9,,51,,0,,21,,10,,,,93.12,,,,-8,,NA
-113.52,53.57,EDMONTON BLATCHFORD,3012209,2020/1/5 12:00,2020,1,5,12:00,-2.1,,-12.3,,46,,0,,21,,13,,,,92.95,,,,-7,,NA
-113.52,53.57,EDMONTON BLATCHFORD,3012209,2020/1/5 13:00,2020,1,5,13:00,0.7,,-11,,41,,0,,21,,15,,,,92.82,,,,,,NA
-113.52,53.57,EDMONTON BLATCHFORD,3012209,2020/1/5 14:00,2020,1,5,14:00,1.8,,-11.1,,38,,0,,20,,21,,,,92.67,,,,,,NA
-113.52,53.57,EDMONTON BLATCHFORD,3012209,2020/1/5 15:00,2020,1,5,15:00,-0.1,,-10.4,,46,,0,,20,,13,,,,92.61,,,,-4,,NA
-113.52,53.57,EDMONTON BLATCHFORD,3012209,2020/1/5 16:00,2020,1,5,16:00,-0.4,,-9.6,,50,,0,,20,,14,,,,92.57,,,,-5,,NA
-113.52,53.57,EDMONTON BLATCHFORD,3012209,2020/1/5 17:00,2020,1,5,17:00,-0.2,,-10,,47,,0,,22,,16,,,,92.48,,,,-5,,NA
-113.52,53.57,EDMONTON BLATCHFORD,3012209,2020/1/5 18:00,2020,1,5,18:00,-0.6,,-10.1,,49,,0,,22,,14,,,,92.42,,,,-5,,NA
-113.52,53.57,EDMONTON BLATCHFORD,3012209,2020/1/5 19:00,2020,1,5,19:00,-0.7,,-9.7,,50,,0,,21,,14,,,,92.4,,,,-5,,NA
-113.52,53.57,EDMONTON BLATCHFORD,3012209,2020/1/5 20:00,2020,1,5,20:00,-1.6,,-9.1,,56,,0,,28,,11,,,,92.55,,,,-5,,NA
-113.52,53.57,EDMONTON BLATCHFORD,3012209,2020/1/5 21:00,2020,1,5,21:00,-0.1,,-7.9,,55,,0,,31,,21,,,,92.7,,,,-6,,NA
-113.52,53.57,EDMONTON BLATCHFORD,3012209,2020/1/5 22:00,2020,1,5,22:00,-0.4,,-8.5,,54,,0,,30,,17,,,,92.78,,,,-5,,NA
-113.52,53.57,EDMONTON BLATCHFORD,3012209,2020/1/5 23:00,2020,1,5,23:00,-0.7,,-8.4,,56,,0,,29,,14,,,,92.86,,,,-5,,NA
-113.52,53.57,EDMONTON BLATCHFORD,3012209,2020/1/6 0:00,2020,1,6,0:00,-1.3,,-8.7,,57,,0,,28,,9,,,,92.95,,,,-5,,NA
-113.52,53.57,EDMONTON BLATCHFORD,3012209,2020/1/6 1:00,2020,1,6,1:00,-0.6,,-11,,45,,0,,30,,19,,,,93.01,,,,-6,,NA
-113.52,53.57,EDMONTON BLATCHFORD,3012209,2020/1/6 2:00,2020,1,6,2:00,-1.8,,-11.7,,47,,0,,30,,13,,,,93.09,,,,-6,,NA
-113.52,53.57,EDMONTON BLATCHFORD,3012209,2020/1/6 3:00,2020,1,6,3:00,-2.7,,-11.8,,49,,0,,30,,14,,,,93.17,,,,-8,,NA
-113.52,53.57,EDMONTON BLATCHFORD,3012209,2020/1/6 4:00,2020,1,6,4:00,-4.1,,-12.4,,52,,0,,28,,13,,,,93.27,,,,-9,,NA
-113.52,53.57,EDMONTON BLATCHFORD,3012209,2020/1/6 5:00,2020,1,6,5:00,-4.2,,-12.3,,53,,0,,28,,15,,,,93.33,,,,-10,,NA
-113.52,53.57,EDMONTON BLATCHFORD,3012209,2020/1/6 6:00,2020,1,6,6:00,-4.7,,-11.5,,59,,0,,29,,12,,,,93.36,,,,-9,,NA
-113.52,53.57,EDMONTON BLATCHFORD,3012209,2020/1/6 7:00,2020,1,6,7:00,-5.2,,-11.2,,63,,0,,29,,9,,,,93.41,,,,-9,,NA
-113.52,53.57,EDMONTON BLATCHFORD,3012209,2020/1/6 8:00,2020,1,6,8:00,-5.2,,-10.7,,65,,0,,30,,10,,,,93.49,,,,-10,,NA
-113.52,53.57,EDMONTON BLATCHFORD,3012209,2020/1/6 9:00,2020,1,6,9:00,-6.9,,-12.2,,66,,0,,34,,13,,,,93.56,,,,-12,,NA
-113.52,53.57,EDMONTON BLATCHFORD,3012209,2020/1/6 10:00,2020,1,6,10:00,-7.5,,-13.8,,61,,0,,31,,6,,,,93.63,,,,-11,,NA
-113.52,53.57,EDMONTON BLATCHFORD,3012209,2020/1/6 11:00,2020,1,6,11:00,-5.1,,-12.9,,54,,0,,,,0,,,,93.65,,,,,,NA
-113.52,53.57,EDMONTON BLATCHFORD,3012209,2020/1/6 12:00,2020,1,6,12:00,-5.6,,-12.9,,56,,0,,4,,7,,,,93.65,,,,-9,,NA
-113.52,53.57,EDMONTON BLATCHFORD,3012209,2020/1/6 13:00,2020,1,6,13:00,-6.5,,-14.7,,52,,0,,7,,6,,,,93.64,,,,-9,,NA
-113.52,53.57,EDMONTON BLATCHFORD,3012209,2020/1/6 14:00,2020,1,6,14:00,-5.8,,-13.8,,53,,0,,6,,5,,,,93.62,,,,-8,,NA
-113.52,53.57,EDMONTON BLATCHFORD,3012209,2020/1/6 15:00,2020,1,6,15:00,-6.7,,-14.7,,53,,0,,4,,6,,,,93.64,,,,-10,,NA
-113.52,53.57,EDMONTON BLATCHFORD,3012209,2020/1/6 16:00,2020,1,6,16:00,-7.4,,-14.7,,56,,0,,4,,3,,,,93.65,,,,-9,,NA
-113.52,53.57,EDMONTON BLATCHFORD,3012209,2020/1/6 17:00,2020,1,6,17:00,-9.1,,-14.9,,63,,0,,7,,3,,,,93.68,,,,-11,,NA
-113.52,53.57,EDMONTON BLATCHFORD,3012209,2020/1/6 18:00,2020,1,6,18:00,-12,,-17.2,,66,,0,,7,,8,,,,93.66,,,,-17,,NA
-113.52,53.57,EDMONTON BLATCHFORD,3012209,2020/1/6 19:00,2020,1,6,19:00,-12.9,,-17.8,,67,,0,,10,,7,,,,93.64,,,,-17,,NA
-113.52,53.57,EDMONTON BLATCHFORD,3012209,2020/1/6 20:00,2020,1,6,20:00,-13.4,,-17.8,,70,,0,,0,,1,,,,93.67,,,,-14,,NA
-113.52,53.57,EDMONTON BLATCHFORD,3012209,2020/1/6 21:00,2020,1,6,21:00,-13.2,,-17.1,,73,,0,,5,,4,,,,93.69,,,,-16,,NA
-113.52,53.57,EDMONTON BLATCHFORD,3012209,2020/1/6 22:00,2020,1,6,22:00,-14.7,,-18.2,,75,,0,,8,,8,,,,93.79,,,,-20,,NA
-113.52,53.57,EDMONTON BLATCHFORD,3012209,2020/1/6 23:00,2020,1,6,23:00,-14.5,,-18.2,,73,,0,,7,,9,,,,93.82,,,,-20,,NA
-113.52,53.57,EDMONTON BLATCHFORD,3012209,2020/1/7 0:00,2020,1,7,0:00,-14.6,,-18.1,,75,,0,,8,,9,,,,93.85,,,,-20,,NA
-113.52,53.57,EDMONTON BLATCHFORD,3012209,2020/1/7 1:00,2020,1,7,1:00,-14,,-18.3,,70,,0,,8,,9,,,,93.88,,,,-20,,NA
-113.52,53.57,EDMONTON BLATCHFORD,3012209,2020/1/7 2:00,2020,1,7,2:00,-13.6,,-17.8,,71,,0,,12,,6,,,,93.86,,,,-18,,NA
-113.52,53.57,EDMONTON BLATCHFORD,3012209,2020/1/7 3:00,2020,1,7,3:00,-13.1,,-17.5,,70,,0,,11,,7,,,,93.91,,,,-18,,NA
-113.52,53.57,EDMONTON BLATCHFORD,3012209,2020/1/7 4:00,2020,1,7,4:00,-13.3,,-18.5,,65,,0,,12,,9,,,,93.93,,,,-19,,NA
-113.52,53.57,EDMONTON BLATCHFORD,3012209,2020/1/7 5:00,2020,1,7,5:00,-13.7,,-18.2,,69,,0,,10,,3,,,,93.97,,,,-16,,NA
-113.52,53.57,EDMONTON BLATCHFORD,3012209,2020/1/7 6:00,2020,1,7,6:00,-12.7,,-17.6,,67,,0,,12,,7,,,,93.97,,,,-17,,NA
-113.52,53.57,EDMONTON BLATCHFORD,3012209,2020/1/7 7:00,2020,1,7,7:00,-13.5,,-17.5,,72,,0,,8,,6,,,,93.97,,,,-18,,NA
-113.52,53.57,EDMONTON BLATCHFORD,3012209,2020/1/7 8:00,2020,1,7,8:00,-13.6,,-17.5,,73,,0,,12,,9,,,,93.93,,,,-19,,NA
-113.52,53.57,EDMONTON BLATCHFORD,3012209,2020/1/7 9:00,2020,1,7,9:00,-13.1,,-17,,72,,0,,2,,5,,,,93.92,,,,-16,,NA
-113.52,53.57,EDMONTON BLATCHFORD,3012209,2020/1/7 10:00,2020,1,7,10:00,-13.2,,-16.9,,74,,0,,3,,4,,,,93.95,,,,-16,,NA
-113.52,53.57,EDMONTON BLATCHFORD,3012209,2020/1/7 11:00,2020,1,7,11:00,-12.7,,-17.1,,70,,0,,6,,4,,,,93.91,,,,-15,,NA
-113.52,53.57,EDMONTON BLATCHFORD,3012209,2020/1/7 12:00,2020,1,7,12:00,-11.5,,-15.9,,70,,0,,7,,9,,,,93.81,,,,-17,,NA
-113.52,53.57,EDMONTON BLATCHFORD,3012209,2020/1/7 13:00,2020,1,7,13:00,-11.5,,-15.6,,71,,0,,8,,10,,,,93.73,,,,-17,,NA
-113.52,53.57,EDMONTON BLATCHFORD,3012209,2020/1/7 14:00,2020,1,7,14:00,-11.3,,-15.3,,72,,0,,7,,11,,,,93.63,,,,-17,,NA
-113.52,53.57,EDMONTON BLATCHFORD,3012209,2020/1/7 15:00,2020,1,7,15:00,-10.5,,-14.2,,74,,0,,10,,9,,,,93.54,,,,-15,,NA
-113.52,53.57,EDMONTON BLATCHFORD,3012209,2020/1/7 16:00,2020,1,7,16:00,-9.2,,-11.8,,81,,0,,12,,10,,,,93.42,,,,-14,,NA
-113.52,53.57,EDMONTON BLATCHFORD,3012209,2020/1/7 17:00,2020,1,7,17:00,-7.9,,-11.8,,73,,0,,14,,16,,,,93.33,,,,-14,,NA
-113.52,53.57,EDMONTON BLATCHFORD,3012209,2020/1/7 18:00,2020,1,7,18:00,-7.6,,-11,,76,,0,,13,,16,,,,93.23,,,,-14,,NA
-113.52,53.57,EDMONTON BLATCHFORD,3012209,2020/1/7 19:00,2020,1,7,19:00,-8.3,,-10.8,,82,,0,,13,,18,,,,93.09,,,,-15,,NA
-113.52,53.57,EDMONTON BLATCHFORD,3012209,2020/1/7 20:00,2020,1,7,20:00,-9.3,,-11.6,,83,,0.2,,12,,20,,,,92.97,,,,-17,,NA
-113.52,53.57,EDMONTON BLATCHFORD,3012209,2020/1/7 21:00,2020,1,7,21:00,-10.3,,-12.4,,84,,0.3,,11,,19,,,,92.85,,,,-18,,NA
-113.52,53.57,EDMONTON BLATCHFORD,3012209,2020/1/7 22:00,2020,1,7,22:00,-11.2,,-13.5,,83,,0.2,,11,,22,,,,92.71,,,,-20,,NA
-113.52,53.57,EDMONTON BLATCHFORD,3012209,2020/1/7 23:00,2020,1,7,23:00,-11.5,,-14,,82,,0.2,,12,,22,,,,92.58,,,,-20,,NA
-113.52,53.57,EDMONTON BLATCHFORD,3012209,2020/1/8 0:00,2020,1,8,0:00,-11.5,,-14.3,,79,,0.5,,11,,23,,,,92.48,,,,-20,,NA
-113.52,53.57,EDMONTON BLATCHFORD,3012209,2020/1/8 1:00,2020,1,8,1:00,-12.2,,-14.4,,83,,0.8,,10,,20,,,,92.35,,,,-21,,NA
-113.52,53.57,EDMONTON BLATCHFORD,3012209,2020/1/8 2:00,2020,1,8,2:00,-12.6,,-14.7,,84,,0.2,,9,,14,,,,92.25,,,,-20,,NA
-113.52,53.57,EDMONTON BLATCHFORD,3012209,2020/1/8 3:00,2020,1,8,3:00,-12.5,,-14.8,,83,,0.3,,8,,15,,,,92.21,,,,-20,,NA
-113.52,53.57,EDMONTON BLATCHFORD,3012209,2020/1/8 4:00,2020,1,8,4:00,-13,,-15.2,,84,,0.2,,9,,16,,,,92.13,,,,-21,,NA
-113.52,53.57,EDMONTON BLATCHFORD,3012209,2020/1/8 5:00,2020,1,8,5:00,-13.3,,-15.7,,82,,0.2,,10,,13,,,,92.07,,,,-20,,NA
-113.52,53.57,EDMONTON BLATCHFORD,3012209,2020/1/8 6:00,2020,1,8,6:00,-13.5,,-15.8,,82,,0.3,,8,,13,,,,92.04,,,,-20,,NA
-113.52,53.57,EDMONTON BLATCHFORD,3012209,2020/1/8 7:00,2020,1,8,7:00,-14,,-16.4,,82,,0.2,,6,,12,,,,92.06,,,,-21,,NA
-113.52,53.57,EDMONTON BLATCHFORD,3012209,2020/1/8 8:00,2020,1,8,8:00,-14.8,,-17.2,,81,,0.7,,2,,12,,,,92.1,,,,-22,,NA
-113.52,53.57,EDMONTON BLATCHFORD,3012209,2020/1/8 9:00,2020,1,8,9:00,-15.1,,-17.4,,83,,0.5,,3,,14,,,,92.19,,,,-23,,NA
-113.52,53.57,EDMONTON BLATCHFORD,3012209,2020/1/8 10:00,2020,1,8,10:00,-14.6,,-16.8,,83,,0.7,,2,,9,,,,92.25,,,,-20,,NA
-113.52,53.57,EDMONTON BLATCHFORD,3012209,2020/1/8 11:00,2020,1,8,11:00,-15.3,,-17.8,,81,,0.6,,36,,10,,,,92.35,,,,-22,,NA
-113.52,53.57,EDMONTON BLATCHFORD,3012209,2020/1/8 12:00,2020,1,8,12:00,-15,,-18,,78,,0.2,,34,,10,,,,92.38,,,,-21,,NA
-113.52,53.57,EDMONTON BLATCHFORD,3012209,2020/1/8 13:00,2020,1,8,13:00,-14.6,,-18,,75,,0,,32,,16,,,,92.4,,,,-23,,NA
-113.52,53.57,EDMONTON BLATCHFORD,3012209,2020/1/8 14:00,2020,1,8,14:00,-14.6,,-18.4,,73,,0,,32,,17,,,,92.46,,,,-23,,NA
-113.52,53.57,EDMONTON BLATCHFORD,3012209,2020/1/8 15:00,2020,1,8,15:00,-14.7,,-18.6,,72,,0,,32,,18,,,,92.53,,,,-23,,NA
-113.52,53.57,EDMONTON BLATCHFORD,3012209,2020/1/8 16:00,2020,1,8,16:00,-16.2,,-19.2,,77,,0,,34,,12,,,,92.64,,,,-23,,NA
-113.52,53.57,EDMONTON BLATCHFORD,3012209,2020/1/8 17:00,2020,1,8,17:00,-16.3,,-19.3,,78,,0,,33,,12,,,,92.69,,,,-24,,NA
-113.52,53.57,EDMONTON BLATCHFORD,3012209,2020/1/8 18:00,2020,1,8,18:00,-16.3,,-19.1,,79,,0,,29,,13,,,,92.75,,,,-24,,NA
-113.52,53.57,EDMONTON BLATCHFORD,3012209,2020/1/8 19:00,2020,1,8,19:00,-15.8,,-19.1,,76,,0,,30,,14,,,,92.81,,,,-24,,NA
-113.52,53.57,EDMONTON BLATCHFORD,3012209,2020/1/8 20:00,2020,1,8,20:00,-15.6,,-18.6,,78,,0,,31,,14,,,,92.86,,,,-23,,NA
-113.52,53.57,EDMONTON BLATCHFORD,3012209,2020/1/8 21:00,2020,1,8,21:00,-15.9,,-19.4,,74,,0,,31,,19,,,,92.93,,,,-25,,NA
-113.52,53.57,EDMONTON BLATCHFORD,3012209,2020/1/8 22:00,2020,1,8,22:00,-16.4,,-19.7,,76,,0,,30,,12,,,,93,,,,-24,,NA
-113.52,53.57,EDMONTON BLATCHFORD,3012209,2020/1/8 23:00,2020,1,8,23:00,-17.3,,-20.9,,74,,0.2,,33,,26,,,,93.14,,,,-28,,NA
-113.52,53.57,EDMONTON BLATCHFORD,3012209,2020/1/9 0:00,2020,1,9,0:00,-18.4,,-21.6,,75,,0,,33,,19,,,,93.26,,,,-28,,NA
-113.52,53.57,EDMONTON BLATCHFORD,3012209,2020/1/9 1:00,2020,1,9,1:00,-19.2,,-22.4,,75,,0,,33,,20,,,,93.32,,,,-29,,NA
-113.52,53.57,EDMONTON BLATCHFORD,3012209,2020/1/9 2:00,2020,1,9,2:00,-19.6,,-23,,75,,0,,34,,18,,,,93.39,,,,-29,,NA
-113.52,53.57,EDMONTON BLATCHFORD,3012209,2020/1/9 3:00,2020,1,9,3:00,-19,,-22.6,,73,,0,,32,,18,,,,93.47,,,,-29,,NA
-113.52,53.57,EDMONTON BLATCHFORD,3012209,2020/1/9 4:00,2020,1,9,4:00,-19.4,,-23.1,,73,,0,,33,,17,,,,93.57,,,,-29,,NA
-113.52,53.57,EDMONTON BLATCHFORD,3012209,2020/1/9 5:00,2020,1,9,5:00,-20.5,,-23.8,,75,,0,,32,,13,,,,93.63,,,,-29,,NA
-113.52,53.57,EDMONTON BLATCHFORD,3012209,2020/1/9 6:00,2020,1,9,6:00,-21,,-24,,76,,0,,31,,12,,,,93.66,,,,-29,,NA
-113.52,53.57,EDMONTON BLATCHFORD,3012209,2020/1/9 7:00,2020,1,9,7:00,-20.5,,-23.6,,76,,0,,33,,12,,,,93.68,,,,-29,,NA
-113.52,53.57,EDMONTON BLATCHFORD,3012209,2020/1/9 8:00,2020,1,9,8:00,-20.1,,-23.4,,75,,0,,33,,11,,,,93.77,,,,-28,,NA
-113.52,53.57,EDMONTON BLATCHFORD,3012209,2020/1/9 9:00,2020,1,9,9:00,-19.8,,-23.2,,75,,0,,33,,13,,,,93.88,,,,-28,,NA
-113.52,53.57,EDMONTON BLATCHFORD,3012209,2020/1/9 10:00,2020,1,9,10:00,-19.7,,-23.2,,74,,0,,33,,14,,,,93.93,,,,-28,,NA
-113.52,53.57,EDMONTON BLATCHFORD,3012209,2020/1/9 11:00,2020,1,9,11:00,-19.7,,-23.4,,72,,0,,33,,16,,,,93.98,,,,-29,,NA
-113.52,53.57,EDMONTON BLATCHFORD,3012209,2020/1/9 12:00,2020,1,9,12:00,-19.9,,-24.1,,70,,0,,34,,13,,,,93.96,,,,-28,,NA
-113.52,53.57,EDMONTON BLATCHFORD,3012209,2020/1/9 13:00,2020,1,9,13:00,-19.3,,-24,,67,,0,,34,,14,,,,93.97,,,,-28,,NA
-113.52,53.57,EDMONTON BLATCHFORD,3012209,2020/1/9 14:00,2020,1,9,14:00,-19.1,,-24,,65,,0,,34,,11,,,,93.98,,,,-27,,NA
-113.52,53.57,EDMONTON BLATCHFORD,3012209,2020/1/9 15:00,2020,1,9,15:00,-19.4,,-24.3,,65,,0,,34,,12,,,,94.06,,,,-27,,NA
-113.52,53.57,EDMONTON BLATCHFORD,3012209,2020/1/9 16:00,2020,1,9,16:00,-20.4,,-24.7,,68,,0,,35,,11,,,,94.13,,,,-28,,NA
-113.52,53.57,EDMONTON BLATCHFORD,3012209,2020/1/9 17:00,2020,1,9,17:00,-21,,-24.7,,72,,0,,35,,6,,,,94.19,,,,-26,,NA
-113.52,53.57,EDMONTON BLATCHFORD,3012209,2020/1/9 18:00,2020,1,9,18:00,-22.1,,-25.4,,75,,0,,1,,2,,,,94.22,,,,-24,,NA
-113.52,53.57,EDMONTON BLATCHFORD,3012209,2020/1/9 19:00,2020,1,9,19:00,-22.3,,-25.3,,76,,0,,1,,4,,,,94.23,,,,-26,,NA
-113.52,53.57,EDMONTON BLATCHFORD,3012209,2020/1/9 20:00,2020,1,9,20:00,-23.1,,-25.8,,79,,0,,0,,1,,,,94.24,,,,-24,,NA
-113.52,53.57,EDMONTON BLATCHFORD,3012209,2020/1/9 21:00,2020,1,9,21:00,-24.2,,-26.6,,80,,0,,0,,1,,,,94.23,,,,-25,,NA
-113.52,53.57,EDMONTON BLATCHFORD,3012209,2020/1/9 22:00,2020,1,9,22:00,-23.5,,-25.9,,81,,0.2,,9,,3,,,,94.21,,,,-26,,NA
-113.52,53.57,EDMONTON BLATCHFORD,3012209,2020/1/9 23:00,2020,1,9,23:00,-23.9,,-26.4,,80,,0,,10,,1,,,,94.2,,,,-25,,NA
-113.52,53.57,EDMONTON BLATCHFORD,3012209,2020/1/10 0:00,2020,1,10,0:00,-24.6,,-27.2,,79,,0,,14,,2,,,,94.14,,,,-27,,NA
-113.52,53.57,EDMONTON BLATCHFORD,3012209,2020/1/10 1:00,2020,1,10,1:00,-24.4,,-26.8,,80,,0,,15,,5,,,,94.1,,,,-29,,NA
-113.52,53.57,EDMONTON BLATCHFORD,3012209,2020/1/10 2:00,2020,1,10,2:00,-24.7,,-27.3,,79,,0,,15,,6,,,,94.06,,,,-30,,NA
-113.52,53.57,EDMONTON BLATCHFORD,3012209,2020/1/10 3:00,2020,1,10,3:00,-24.3,,-27.1,,78,,0,,12,,8,,,,93.98,,,,-31,,NA
-113.52,53.57,EDMONTON BLATCHFORD,3012209,2020/1/10 4:00,2020,1,10,4:00,-23.1,,-25.8,,78,,0,,14,,12,,,,93.91,,,,-32,,NA
-113.52,53.57,EDMONTON BLATCHFORD,3012209,2020/1/10 5:00,2020,1,10,5:00,-23.3,,-26,,78,,0,,12,,8,,,,93.82,,,,-30,,NA
-113.52,53.57,EDMONTON BLATCHFORD,3012209,2020/1/10 6:00,2020,1,10,6:00,-22.8,,-25.4,,79,,0,,14,,8,,,,93.72,,,,-30,,NA
-113.52,53.57,EDMONTON BLATCHFORD,3012209,2020/1/10 7:00,2020,1,10,7:00,-22.5,,-25.2,,78,,0,,12,,11,,,,93.52,,,,-31,,NA
-113.52,53.57,EDMONTON BLATCHFORD,3012209,2020/1/10 8:00,2020,1,10,8:00,-21.3,,-24,,79,,0,,13,,13,,,,93.44,,,,-30,,NA
-113.52,53.57,EDMONTON BLATCHFORD,3012209,2020/1/10 9:00,2020,1,10,9:00,-20.1,,-23,,78,,0,,15,,15,,,,93.34,,,,-29,,NA
-113.52,53.57,EDMONTON BLATCHFORD,3012209,2020/1/10 10:00,2020,1,10,10:00,-19.7,,-23.1,,74,,0,,13,,11,,,,93.29,,,,-27,,NA
-113.52,53.57,EDMONTON BLATCHFORD,3012209,2020/1/10 11:00,2020,1,10,11:00,-19.6,,-23.2,,74,,0,,14,,13,,,,93.2,,,,-28,,NA
-113.52,53.57,EDMONTON BLATCHFORD,3012209,2020/1/10 12:00,2020,1,10,12:00,-19.3,,-23,,73,,0,,13,,16,,,,93.09,,,,-29,,NA
-113.52,53.57,EDMONTON BLATCHFORD,3012209,2020/1/10 13:00,2020,1,10,13:00,-18.3,,-22.3,,71,,0,,13,,13,,,,93,,,,-26,,NA
-113.52,53.57,EDMONTON BLATCHFORD,3012209,2020/1/10 14:00,2020,1,10,14:00,-17.1,,-21.1,,71,,0,,13,,9,,,,92.88,,,,-23,,NA
-113.52,53.57,EDMONTON BLATCHFORD,3012209,2020/1/10 15:00,2020,1,10,15:00,-18.8,,-22.3,,74,,0,,7,,14,,,,92.87,,,,-27,,NA
-113.52,53.57,EDMONTON BLATCHFORD,3012209,2020/1/10 16:00,2020,1,10,16:00,-18.4,,-21.6,,76,,0,,8,,14,,,,92.87,,,,-27,,NA
-113.52,53.57,EDMONTON BLATCHFORD,3012209,2020/1/10 17:00,2020,1,10,17:00,-18,,-21,,77,,0,,9,,11,,,,92.83,,,,-25,,NA
-113.52,53.57,EDMONTON BLATCHFORD,3012209,2020/1/10 18:00,2020,1,10,18:00,-17.7,,-20.7,,77,,0,,9,,6,,,,92.82,,,,-22,,NA
-113.52,53.57,EDMONTON BLATCHFORD,3012209,2020/1/10 19:00,2020,1,10,19:00,-19.1,,-21.8,,79,,0,,2,,12,,,,92.82,,,,-27,,NA
-113.52,53.57,EDMONTON BLATCHFORD,3012209,2020/1/10 20:00,2020,1,10,20:00,-19.5,,-22.1,,79,,0,,5,,11,,,,92.82,,,,-27,,NA
-113.52,53.57,EDMONTON BLATCHFORD,3012209,2020/1/10 21:00,2020,1,10,21:00,-19.3,,-22.1,,79,,0,,3,,11,,,,92.86,,,,-27,,NA
-113.52,53.57,EDMONTON BLATCHFORD,3012209,2020/1/10 22:00,2020,1,10,22:00,-19.8,,-22.5,,79,,0,,2,,9,,,,92.87,,,,-27,,NA
-113.52,53.57,EDMONTON BLATCHFORD,3012209,2020/1/10 23:00,2020,1,10,23:00,-20.2,,-23.1,,78,,0,,3,,9,,,,92.9,,,,-27,,NA
-113.52,53.57,EDMONTON BLATCHFORD,3012209,2020/1/11 0:00,2020,1,11,0:00,-20.5,,-23.4,,78,,0,,3,,6,,,,92.91,,,,-26,,NA
-113.52,53.57,EDMONTON BLATCHFORD,3012209,2020/1/11 1:00,2020,1,11,1:00,-20.5,,-23.6,,76,,0,,3,,7,,,,92.89,,,,-26,,NA
-113.52,53.57,EDMONTON BLATCHFORD,3012209,2020/1/11 2:00,2020,1,11,2:00,-20.3,,-23.3,,77,,0,,35,,9,,,,92.92,,,,-27,,NA
-113.52,53.57,EDMONTON BLATCHFORD,3012209,2020/1/11 3:00,2020,1,11,3:00,-20.4,,-23.5,,76,,0,,35,,11,,,,92.96,,,,-28,,NA
-113.52,53.57,EDMONTON BLATCHFORD,3012209,2020/1/11 4:00,2020,1,11,4:00,-20.6,,-23.8,,75,,0,,35,,9,,,,93.02,,,,-27,,NA
-113.52,53.57,EDMONTON BLATCHFORD,3012209,2020/1/11 5:00,2020,1,11,5:00,-20.3,,-23.6,,75,,0,,35,,10,,,,93,,,,-28,,NA
-113.52,53.57,EDMONTON BLATCHFORD,3012209,2020/1/11 6:00,2020,1,11,6:00,-20.1,,-23.3,,76,,0,,34,,6,,,,93.03,,,,-25,,NA
-113.52,53.57,EDMONTON BLATCHFORD,3012209,2020/1/11 7:00,2020,1,11,7:00,-19.9,,-23.1,,76,,0,,31,,11,,,,93.01,,,,-28,,NA
-113.52,53.57,EDMONTON BLATCHFORD,3012209,2020/1/11 8:00,2020,1,11,8:00,-20,,-23.4,,75,,0.2,,32,,13,,,,93.04,,,,-28,,NA
-113.52,53.57,EDMONTON BLATCHFORD,3012209,2020/1/11 9:00,2020,1,11,9:00,-20,,-23.6,,73,,0,,32,,12,,,,93.04,,,,-28,,NA
-113.52,53.57,EDMONTON BLATCHFORD,3012209,2020/1/11 10:00,2020,1,11,10:00,-19.6,,-23.3,,72,,0.2,,32,,13,,,,93.09,,,,-28,,NA
-113.52,53.57,EDMONTON BLATCHFORD,3012209,2020/1/11 11:00,2020,1,11,11:00,-19,,-23.5,,68,,0,,35,,12,,,,93.08,,,,-27,,NA
-113.52,53.57,EDMONTON BLATCHFORD,3012209,2020/1/11 12:00,2020,1,11,12:00,-18.7,,-23.5,,66,,0,,34,,12,,,,93.03,,,,-26,,NA
-113.52,53.57,EDMONTON BLATCHFORD,3012209,2020/1/11 13:00,2020,1,11,13:00,-18.5,,-24,,62,,0,,34,,13,,,,93.01,,,,-27,,NA
-113.52,53.57,EDMONTON BLATCHFORD,3012209,2020/1/11 14:00,2020,1,11,14:00,-18.6,,-23.3,,66,,0,,35,,13,,,,92.99,,,,-27,,NA
-113.52,53.57,EDMONTON BLATCHFORD,3012209,2020/1/11 15:00,2020,1,11,15:00,-18.7,,-23,,69,,0,,36,,11,,,,93,,,,-26,,NA
-113.52,53.57,EDMONTON BLATCHFORD,3012209,2020/1/11 16:00,2020,1,11,16:00,-19.1,,-23,,71,,0,,35,,10,,,,92.98,,,,-26,,NA
-113.52,53.57,EDMONTON BLATCHFORD,3012209,2020/1/11 17:00,2020,1,11,17:00,-20,,-23.6,,73,,0,,33,,10,,,,93.02,,,,-27,,NA
-113.52,53.57,EDMONTON BLATCHFORD,3012209,2020/1/11 18:00,2020,1,11,18:00,-20.1,,-23.6,,74,,0,,33,,13,,,,93.09,,,,-29,,NA
-113.52,53.57,EDMONTON BLATCHFORD,3012209,2020/1/11 19:00,2020,1,11,19:00,-20.2,,-23.8,,73,,0,,33,,13,,,,93.11,,,,-29,,NA
-113.52,53.57,EDMONTON BLATCHFORD,3012209,2020/1/11 20:00,2020,1,11,20:00,-20.1,,-23.5,,75,,0,,34,,14,,,,93.16,,,,-29,,NA
-113.52,53.57,EDMONTON BLATCHFORD,3012209,2020/1/11 21:00,2020,1,11,21:00,-20.5,,-23.7,,75,,0.2,,33,,15,,,,93.23,,,,-30,,NA
-113.52,53.57,EDMONTON BLATCHFORD,3012209,2020/1/11 22:00,2020,1,11,22:00,-21.2,,-24.6,,74,,0.3,,33,,18,,,,93.27,,,,-31,,NA
-113.52,53.57,EDMONTON BLATCHFORD,3012209,2020/1/11 23:00,2020,1,11,23:00,-21.6,,-24.8,,75,,0.5,,34,,11,,,,93.31,,,,-30,,NA
-113.52,53.57,EDMONTON BLATCHFORD,3012209,2020/1/12 0:00,2020,1,12,0:00,-21.8,,-25.1,,75,,0.2,,33,,14,,,,93.4,,,,-31,,NA
-113.52,53.57,EDMONTON BLATCHFORD,3012209,2020/1/12 1:00,2020,1,12,1:00,-22.6,,-26.3,,72,,0.2,,31,,20,,,,93.46,,,,-34,,NA
-113.52,53.57,EDMONTON BLATCHFORD,3012209,2020/1/12 2:00,2020,1,12,2:00,-23.3,,-27.2,,71,,0,,31,,21,,,,93.55,,,,-35,,NA
-113.52,53.57,EDMONTON BLATCHFORD,3012209,2020/1/12 3:00,2020,1,12,3:00,-24.1,,-29.4,,61,,0,,30,,24,,,,93.64,,,,-37,,NA
-113.52,53.57,EDMONTON BLATCHFORD,3012209,2020/1/12 4:00,2020,1,12,4:00,-25.1,,-30.3,,62,,0,,30,,20,,,,93.72,,,,-37,,NA
-113.52,53.57,EDMONTON BLATCHFORD,3012209,2020/1/12 5:00,2020,1,12,5:00,-26,,-31.3,,61,,0,,31,,21,,,,93.75,,,,-38,,NA
-113.52,53.57,EDMONTON BLATCHFORD,3012209,2020/1/12 6:00,2020,1,12,6:00,-26.1,,-31.6,,59,,0.2,,31,,27,,,,93.78,,,,-40,,NA
-113.52,53.57,EDMONTON BLATCHFORD,3012209,2020/1/12 7:00,2020,1,12,7:00,-26.8,,-32.1,,61,,0,,30,,24,,,,93.81,,,,-40,,NA
-113.52,53.57,EDMONTON BLATCHFORD,3012209,2020/1/12 8:00,2020,1,12,8:00,-27.4,,-32.6,,61,,0,,30,,20,,,,93.84,,,,-40,,NA
-113.52,53.57,EDMONTON BLATCHFORD,3012209,2020/1/12 9:00,2020,1,12,9:00,-27.5,,-32.7,,62,,0,,30,,21,,,,93.86,,,,-40,,NA
-113.52,53.57,EDMONTON BLATCHFORD,3012209,2020/1/12 10:00,2020,1,12,10:00,-27.5,,-32.8,,61,,0,,29,,20,,,,93.93,,,,-40,,NA
-113.52,53.57,EDMONTON BLATCHFORD,3012209,2020/1/12 11:00,2020,1,12,11:00,-27.2,,-32.7,,60,,0,,29,,21,,,,93.97,,,,-40,,NA
-113.52,53.57,EDMONTON BLATCHFORD,3012209,2020/1/12 12:00,2020,1,12,12:00,-26.8,,-32.5,,58,,0,,30,,19,,,,93.94,,,,-39,,NA
-113.52,53.57,EDMONTON BLATCHFORD,3012209,2020/1/12 13:00,2020,1,12,13:00,-26.4,,-32.1,,58,,0,,30,,18,,,,93.93,,,,-38,,NA
-113.52,53.57,EDMONTON BLATCHFORD,3012209,2020/1/12 14:00,2020,1,12,14:00,-26,,-32.1,,57,,0,,31,,18,,,,93.86,,,,-37,,NA
-113.52,53.57,EDMONTON BLATCHFORD,3012209,2020/1/12 15:00,2020,1,12,15:00,-25.6,,-31.6,,57,,0,,31,,16,,,,93.84,,,,-36,,NA
-113.52,53.57,EDMONTON BLATCHFORD,3012209,2020/1/12 16:00,2020,1,12,16:00,-25.3,,-31.1,,58,,0,,30,,16,,,,93.85,,,,-36,,NA
-113.52,53.57,EDMONTON BLATCHFORD,3012209,2020/1/12 17:00,2020,1,12,17:00,-25.3,,-30.8,,60,,0,,29,,15,,,,93.87,,,,-36,,NA
-113.52,53.57,EDMONTON BLATCHFORD,3012209,2020/1/12 18:00,2020,1,12,18:00,-25.3,,-30,,65,,0,,30,,9,,,,93.89,,,,-33,,NA
-113.52,53.57,EDMONTON BLATCHFORD,3012209,2020/1/12 19:00,2020,1,12,19:00,-24.9,,-30,,62,,0,,30,,14,,,,93.88,,,,-35,,NA
-113.52,53.57,EDMONTON BLATCHFORD,3012209,2020/1/12 20:00,2020,1,12,20:00,-24.9,,-29.1,,68,,0,,29,,16,,,,93.91,,,,-35,,NA
-113.52,53.57,EDMONTON BLATCHFORD,3012209,2020/1/12 21:00,2020,1,12,21:00,-24.9,,-29,,69,,0,,30,,14,,,,93.93,,,,-35,,NA
-113.52,53.57,EDMONTON BLATCHFORD,3012209,2020/1/12 22:00,2020,1,12,22:00,-25,,-28.9,,70,,0.2,,31,,14,,,,93.91,,,,-35,,NA
-113.52,53.57,EDMONTON BLATCHFORD,3012209,2020/1/12 23:00,2020,1,12,23:00,-25.3,,-29.2,,70,,0.2,,31,,13,,,,93.88,,,,-35,,NA
-113.52,53.57,EDMONTON BLATCHFORD,3012209,2020/1/13 0:00,2020,1,13,0:00,-25.7,,-29.6,,70,,0,,32,,11,,,,93.85,,,,-34,,NA
-113.52,53.57,EDMONTON BLATCHFORD,3012209,2020/1/13 1:00,2020,1,13,1:00,-25.9,,-30,,69,,0,,32,,11,,,,93.82,,,,-35,,NA
-113.52,53.57,EDMONTON BLATCHFORD,3012209,2020/1/13 2:00,2020,1,13,2:00,-25.9,,-30.1,,68,,0,,31,,12,,,,93.82,,,,-35,,NA
-113.52,53.57,EDMONTON BLATCHFORD,3012209,2020/1/13 3:00,2020,1,13,3:00,-25.9,,-30,,69,,0,,31,,9,,,,93.85,,,,-34,,NA
-113.52,53.57,EDMONTON BLATCHFORD,3012209,2020/1/13 4:00,2020,1,13,4:00,-26,,-30,,69,,0,,30,,9,,,,93.86,,,,-34,,NA
-113.52,53.57,EDMONTON BLATCHFORD,3012209,2020/1/13 5:00,2020,1,13,5:00,-26.1,,-30.1,,69,,0.2,,32,,10,,,,93.85,,,,-34,,NA
-113.52,53.57,EDMONTON BLATCHFORD,3012209,2020/1/13 6:00,2020,1,13,6:00,-26,,-30.2,,68,,0,,33,,9,,,,93.85,,,,-34,,NA
-113.52,53.57,EDMONTON BLATCHFORD,3012209,2020/1/13 7:00,2020,1,13,7:00,-26,,-29.9,,70,,0,,32,,8,,,,93.86,,,,-33,,NA
-113.52,53.57,EDMONTON BLATCHFORD,3012209,2020/1/13 8:00,2020,1,13,8:00,-26.1,,-30.1,,69,,0.2,,31,,9,,,,93.86,,,,-34,,NA
-113.52,53.57,EDMONTON BLATCHFORD,3012209,2020/1/13 9:00,2020,1,13,9:00,-25.9,,-29.7,,71,,0,,33,,8,,,,93.9,,,,-33,,NA
-113.52,53.57,EDMONTON BLATCHFORD,3012209,2020/1/13 10:00,2020,1,13,10:00,-25.8,,-29.5,,71,,0,,31,,11,,,,93.94,,,,-35,,NA
-113.52,53.57,EDMONTON BLATCHFORD,3012209,2020/1/13 11:00,2020,1,13,11:00,-25.9,,-30.3,,67,,0.2,,34,,11,,,,93.97,,,,-35,,NA
-113.52,53.57,EDMONTON BLATCHFORD,3012209,2020/1/13 12:00,2020,1,13,12:00,-25.7,,-30.4,,65,,0,,33,,9,,,,93.98,,,,-33,,NA
-113.52,53.57,EDMONTON BLATCHFORD,3012209,2020/1/13 13:00,2020,1,13,13:00,-25.5,,-30.1,,66,,0,,31,,11,,,,93.97,,,,-34,,NA
-113.52,53.57,EDMONTON BLATCHFORD,3012209,2020/1/13 14:00,2020,1,13,14:00,-25.2,,-30.7,,60,,0,,29,,13,,,,93.94,,,,-35,,NA
-113.52,53.57,EDMONTON BLATCHFORD,3012209,2020/1/13 15:00,2020,1,13,15:00,-25.4,,-30.7,,61,,0,,30,,11,,,,93.97,,,,-34,,NA
-113.52,53.57,EDMONTON BLATCHFORD,3012209,2020/1/13 16:00,2020,1,13,16:00,-26.1,,-31.5,,61,,0,,30,,11,,,,94.01,,,,-35,,NA
-113.52,53.57,EDMONTON BLATCHFORD,3012209,2020/1/13 17:00,2020,1,13,17:00,-27.2,,-31.9,,64,,0,,29,,12,,,,94.08,,,,-37,,NA
-113.52,53.57,EDMONTON BLATCHFORD,3012209,2020/1/13 18:00,2020,1,13,18:00,-28,,-32.5,,65,,0,,28,,9,,,,94.11,,,,-36,,NA
-113.52,53.57,EDMONTON BLATCHFORD,3012209,2020/1/13 19:00,2020,1,13,19:00,-28.3,,-33,,64,,0,,29,,12,,,,94.1,,,,-38,,NA
-113.52,53.57,EDMONTON BLATCHFORD,3012209,2020/1/13 20:00,2020,1,13,20:00,-29.1,,-33.8,,64,,0,,30,,12,,,,94.1,,,,-39,,NA
-113.52,53.57,EDMONTON BLATCHFORD,3012209,2020/1/13 21:00,2020,1,13,21:00,-30,,-34.4,,65,,0,,31,,13,,,,94.1,,,,-41,,NA
-113.52,53.57,EDMONTON BLATCHFORD,3012209,2020/1/13 22:00,2020,1,13,22:00,-30.6,,-34.5,,69,,0,,31,,10,,,,94.13,,,,-40,,NA
-113.52,53.57,EDMONTON BLATCHFORD,3012209,2020/1/13 23:00,2020,1,13,23:00,-31.3,,-34.5,,73,,0,,30,,5,,,,94.15,,,,-37,,NA
-113.52,53.57,EDMONTON BLATCHFORD,3012209,2020/1/14 0:00,2020,1,14,0:00,-31.8,,-35.1,,73,,0,,31,,7,,,,94.15,,,,-39,,NA
-113.52,53.57,EDMONTON BLATCHFORD,3012209,2020/1/14 1:00,2020,1,14,1:00,-31.8,,-35.1,,73,,0,,27,,7,,,,94.15,,,,-39,,NA
-113.52,53.57,EDMONTON BLATCHFORD,3012209,2020/1/14 2:00,2020,1,14,2:00,-32.2,,-35.8,,70,,0,,29,,10,,,,94.14,,,,-42,,NA
-113.52,53.57,EDMONTON BLATCHFORD,3012209,2020/1/14 3:00,2020,1,14,3:00,-32.6,,-36.3,,69,,0,,29,,10,,,,94.16,,,,-42,,NA
-113.52,53.57,EDMONTON BLATCHFORD,3012209,2020/1/14 4:00,2020,1,14,4:00,-32.8,,-36.7,,68,,0,,30,,12,,,,94.16,,,,-44,,NA
-113.52,53.57,EDMONTON BLATCHFORD,3012209,2020/1/14 5:00,2020,1,14,5:00,-33.5,,-37.2,,69,,0,,30,,11,,,,94.17,,,,-44,,NA
-113.52,53.57,EDMONTON BLATCHFORD,3012209,2020/1/14 6:00,2020,1,14,6:00,-33.9,,-37.5,,70,,0.2,,31,,9,,,,94.16,,,,-43,,NA
-113.52,53.57,EDMONTON BLATCHFORD,3012209,2020/1/14 7:00,2020,1,14,7:00,-33.9,,-37.5,,70,,0,,29,,11,,,,94.17,,,,-44,,NA
-113.52,53.57,EDMONTON BLATCHFORD,3012209,2020/1/14 8:00,2020,1,14,8:00,-33.6,,-37.1,,71,,0,,29,,11,,,,94.18,,,,-44,,NA
-113.52,53.57,EDMONTON BLATCHFORD,3012209,2020/1/14 9:00,2020,1,14,9:00,-33.4,,-36.9,,71,,0,,28,,9,,,,94.23,,,,-43,,NA
-113.52,53.57,EDMONTON BLATCHFORD,3012209,2020/1/14 10:00,2020,1,14,10:00,-32.4,,-36.4,,67,,0,,27,,9,,,,94.24,,,,-41,,NA
-113.52,53.57,EDMONTON BLATCHFORD,3012209,2020/1/14 11:00,2020,1,14,11:00,-31.8,,-36.6,,63,,0,,29,,10,,,,94.25,,,,-41,,NA
-113.52,53.57,EDMONTON BLATCHFORD,3012209,2020/1/14 12:00,2020,1,14,12:00,-31.1,,-36,,62,,0,,29,,10,,,,94.22,,,,-40,,NA
-113.52,53.57,EDMONTON BLATCHFORD,3012209,2020/1/14 13:00,2020,1,14,13:00,-31.2,,-36.8,,58,,0,,30,,10,,,,94.19,,,,-41,,NA
-113.52,53.57,EDMONTON BLATCHFORD,3012209,2020/1/14 14:00,2020,1,14,14:00,-29.9,,-35.6,,58,,0,,30,,8,,,,94.17,,,,-38,,NA
-113.52,53.57,EDMONTON BLATCHFORD,3012209,2020/1/14 15:00,2020,1,14,15:00,-30.1,,-36.3,,55,,0,,30,,8,,,,94.19,,,,-38,,NA
-113.52,53.57,EDMONTON BLATCHFORD,3012209,2020/1/14 16:00,2020,1,14,16:00,-30,,-36.2,,55,,0,,29,,7,,,,94.24,,,,-37,,NA
-113.52,53.57,EDMONTON BLATCHFORD,3012209,2020/1/14 17:00,2020,1,14,17:00,-30.7,,-35.7,,61,,0,,30,,5,,,,94.28,,,,-36,,NA
-113.52,53.57,EDMONTON BLATCHFORD,3012209,2020/1/14 18:00,2020,1,14,18:00,-30.9,,-35.6,,63,,0,,31,,3,,,,94.31,,,,-34,,NA
-113.52,53.57,EDMONTON BLATCHFORD,3012209,2020/1/14 19:00,2020,1,14,19:00,-31,,-35.6,,64,,0,,30,,2,,,,94.34,,,,-33,,NA
-113.52,53.57,EDMONTON BLATCHFORD,3012209,2020/1/14 20:00,2020,1,14,20:00,-31.1,,-35.7,,64,,0,,28,,8,,,,94.36,,,,-39,,NA
-113.52,53.57,EDMONTON BLATCHFORD,3012209,2020/1/14 21:00,2020,1,14,21:00,-31.2,,-35.7,,64,,0,,28,,5,,,,94.4,,,,-37,,NA
-113.52,53.57,EDMONTON BLATCHFORD,3012209,2020/1/14 22:00,2020,1,14,22:00,-32.1,,-35.4,,72,,0,,26,,3,,,,94.42,,,,-36,,NA
-113.52,53.57,EDMONTON BLATCHFORD,3012209,2020/1/14 23:00,2020,1,14,23:00,-31.8,,-35.1,,72,,0,,35,,2,,,,94.45,,,,-34,,NA
-113.52,53.57,EDMONTON BLATCHFORD,3012209,2020/1/15 0:00,2020,1,15,0:00,-32.3,,-35.4,,74,,0,,26,,3,,,,94.5,,,,-36,,NA
-113.52,53.57,EDMONTON BLATCHFORD,3012209,2020/1/15 1:00,2020,1,15,1:00,-33.3,,-36.2,,75,,0,,21,,6,,,,94.52,,,,-40,,NA
-113.52,53.57,EDMONTON BLATCHFORD,3012209,2020/1/15 2:00,2020,1,15,2:00,-34.2,,-37.4,,72,,0,,18,,3,,,,94.54,,,,-38,,NA
-113.52,53.57,EDMONTON BLATCHFORD,3012209,2020/1/15 3:00,2020,1,15,3:00,-34.4,,-37.7,,72,,0,,25,,2,,,,94.59,,,,-37,,NA
-113.52,53.57,EDMONTON BLATCHFORD,3012209,2020/1/15 4:00,2020,1,15,4:00,-35.2,,-38.6,,71,,0,,25,,1,,,,94.63,,,,-36,,NA
-113.52,53.57,EDMONTON BLATCHFORD,3012209,2020/1/15 5:00,2020,1,15,5:00,-34.9,,-38.4,,70,,0,,26,,3,,,,94.67,,,,-39,,NA
-113.52,53.57,EDMONTON BLATCHFORD,3012209,2020/1/15 6:00,2020,1,15,6:00,-36.1,,-39.7,,70,,0,,23,,5,,,,94.71,,,,-43,,NA
-113.52,53.57,EDMONTON BLATCHFORD,3012209,2020/1/15 7:00,2020,1,15,7:00,-37.6,,-41.3,,68,,0,,18,,6,,,,94.79,,,,-45,,NA
-113.52,53.57,EDMONTON BLATCHFORD,3012209,2020/1/15 8:00,2020,1,15,8:00,-35.8,,-39.3,,70,,0,,23,,5,,,,94.8,,,,-42,,NA
-113.52,53.57,EDMONTON BLATCHFORD,3012209,2020/1/15 9:00,2020,1,15,9:00,-36,,-39.6,,69,,0,,23,,5,,,,94.82,,,,-42,,NA
-113.52,53.57,EDMONTON BLATCHFORD,3012209,2020/1/15 10:00,2020,1,15,10:00,-34.1,,-37.9,,69,,0,,22,,6,,,,94.9,,,,-41,,NA
-113.52,53.57,EDMONTON BLATCHFORD,3012209,2020/1/15 11:00,2020,1,15,11:00,-33.5,,-37.3,,69,,0,,20,,8,,,,94.98,,,,-42,,NA
-113.52,53.57,EDMONTON BLATCHFORD,3012209,2020/1/15 12:00,2020,1,15,12:00,-30.8,,-34.7,,69,,0,,16,,4,,,,94.95,,,,-35,,NA
-113.52,53.57,EDMONTON BLATCHFORD,3012209,2020/1/15 13:00,2020,1,15,13:00,-29,,-33,,68,,0,,28,,9,,,,94.95,,,,-37,,NA
-113.52,53.57,EDMONTON BLATCHFORD,3012209,2020/1/15 14:00,2020,1,15,14:00,-28.5,,-32.7,,67,,0,,29,,6,,,,94.94,,,,-35,,NA
-113.52,53.57,EDMONTON BLATCHFORD,3012209,2020/1/15 15:00,2020,1,15,15:00,-27.8,,-32.2,,66,,0,,28,,4,,,,94.98,,,,-32,,NA
-113.52,53.57,EDMONTON BLATCHFORD,3012209,2020/1/15 16:00,2020,1,15,16:00,-28.6,,-33.4,,64,,0,,34,,5,,,,94.99,,,,-34,,NA
-113.52,53.57,EDMONTON BLATCHFORD,3012209,2020/1/15 17:00,2020,1,15,17:00,-29.4,,-33.5,,68,,0,,33,,5,,,,95.05,,,,-35,,NA
-113.52,53.57,EDMONTON BLATCHFORD,3012209,2020/1/15 18:00,2020,1,15,18:00,-31,,-34.4,,72,,0,,1,,4,,,,95.09,,,,-36,,NA
-113.52,53.57,EDMONTON BLATCHFORD,3012209,2020/1/15 19:00,2020,1,15,19:00,-31.2,,-34.2,,74,,0,,9,,3,,,,95.1,,,,-35,,NA
-113.52,53.57,EDMONTON BLATCHFORD,3012209,2020/1/15 20:00,2020,1,15,20:00,-32.2,,-35.5,,73,,0,,10,,5,,,,95.08,,,,-38,,NA
-113.52,53.57,EDMONTON BLATCHFORD,3012209,2020/1/15 21:00,2020,1,15,21:00,-32,,-35.2,,73,,0,,8,,2,,,,95.11,,,,-34,,NA
-113.52,53.57,EDMONTON BLATCHFORD,3012209,2020/1/15 22:00,2020,1,15,22:00,-31.5,,-34.7,,74,,0,,8,,5,,,,95.05,,,,-37,,NA
-113.52,53.57,EDMONTON BLATCHFORD,3012209,2020/1/15 23:00,2020,1,15,23:00,-30.7,,-33.9,,73,,0,,9,,6,,,,95.01,,,,-37,,NA
-113.52,53.57,EDMONTON BLATCHFORD,3012209,2020/1/16 0:00,2020,1,16,0:00,-30,,-33.3,,72,,0,,8,,7,,,,94.99,,,,-37,,NA
-113.52,53.57,EDMONTON BLATCHFORD,3012209,2020/1/16 1:00,2020,1,16,1:00,-30.1,,-33.4,,72,,0,,10,,8,,,,94.93,,,,-38,,NA
-113.52,53.57,EDMONTON BLATCHFORD,3012209,2020/1/16 2:00,2020,1,16,2:00,-30.1,,-33.4,,73,,0,,8,,7,,,,94.88,,,,-37,,NA
-113.52,53.57,EDMONTON BLATCHFORD,3012209,2020/1/16 3:00,2020,1,16,3:00,-29.5,,-32.9,,73,,0,,8,,11,,,,94.81,,,,-39,,NA
-113.52,53.57,EDMONTON BLATCHFORD,3012209,2020/1/16 4:00,2020,1,16,4:00,-29.4,,-32.8,,73,,0,,8,,12,,,,94.79,,,,-39,,NA
-113.52,53.57,EDMONTON BLATCHFORD,3012209,2020/1/16 5:00,2020,1,16,5:00,-28.4,,-31.6,,73,,0.5,,11,,9,,,,94.69,,,,-37,,NA
-113.52,53.57,EDMONTON BLATCHFORD,3012209,2020/1/16 6:00,2020,1,16,6:00,-27.7,,-31.2,,72,,0.6,,13,,12,,,,94.65,,,,-37,,NA
-113.52,53.57,EDMONTON BLATCHFORD,3012209,2020/1/16 7:00,2020,1,16,7:00,-28,,-31.4,,72,,0.5,,12,,11,,,,94.65,,,,-37,,NA
-113.52,53.57,EDMONTON BLATCHFORD,3012209,2020/1/16 8:00,2020,1,16,8:00,-28.3,,-31.7,,72,,0.2,,11,,14,,,,94.52,,,,-39,,NA
-113.52,53.57,EDMONTON BLATCHFORD,3012209,2020/1/16 9:00,2020,1,16,9:00,-28.1,,-31.4,,73,,0.2,,10,,9,,,,94.51,,,,-36,,NA
-113.52,53.57,EDMONTON BLATCHFORD,3012209,2020/1/16 10:00,2020,1,16,10:00,-27.8,,-31.2,,73,,0.3,,9,,13,,,,94.42,,,,-38,,NA
-113.52,53.57,EDMONTON BLATCHFORD,3012209,2020/1/16 11:00,2020,1,16,11:00,-27.6,,-31.1,,72,,0.2,,9,,12,,,,94.43,,,,-37,,NA
-113.52,53.57,EDMONTON BLATCHFORD,3012209,2020/1/16 12:00,2020,1,16,12:00,-27.4,,-31.1,,71,,0,,7,,16,,,,94.32,,,,-39,,NA
-113.52,53.57,EDMONTON BLATCHFORD,3012209,2020/1/16 13:00,2020,1,16,13:00,-27,,-31.1,,68,,0.2,,8,,14,,,,94.23,,,,-37,,NA
-113.52,53.57,EDMONTON BLATCHFORD,3012209,2020/1/16 14:00,2020,1,16,14:00,-26.8,,-30.8,,69,,0,,7,,11,,,,94.16,,,,-36,,NA
-113.52,53.57,EDMONTON BLATCHFORD,3012209,2020/1/16 15:00,2020,1,16,15:00,-27,,-31.2,,67,,0,,8,,12,,,,94.06,,,,-37,,NA
-113.52,53.57,EDMONTON BLATCHFORD,3012209,2020/1/16 16:00,2020,1,16,16:00,-27,,-31.4,,66,,0,,6,,10,,,,94.08,,,,-36,,NA
-113.52,53.57,EDMONTON BLATCHFORD,3012209,2020/1/16 17:00,2020,1,16,17:00,-26.9,,-31.1,,68,,0,,5,,9,,,,94.06,,,,-35,,NA
-113.52,53.57,EDMONTON BLATCHFORD,3012209,2020/1/16 18:00,2020,1,16,18:00,-27,,-31,,69,,0,,6,,9,,,,94.05,,,,-35,,NA
-113.52,53.57,EDMONTON BLATCHFORD,3012209,2020/1/16 19:00,2020,1,16,19:00,-27.1,,-31.2,,68,,0,,6,,9,,,,94.02,,,,-35,,NA
-113.52,53.57,EDMONTON BLATCHFORD,3012209,2020/1/16 20:00,2020,1,16,20:00,-27.1,,-31.1,,68,,0,,5,,6,,,,94,,,,-33,,NA
-113.52,53.57,EDMONTON BLATCHFORD,3012209,2020/1/16 21:00,2020,1,16,21:00,-27,,-31.2,,68,,0,,3,,6,,,,93.98,,,,-33,,NA
-113.52,53.57,EDMONTON BLATCHFORD,3012209,2020/1/16 22:00,2020,1,16,22:00,-26.9,,-30.9,,69,,0,,1,,9,,,,93.96,,,,-35,,NA
-113.52,53.57,EDMONTON BLATCHFORD,3012209,2020/1/16 23:00,2020,1,16,23:00,-26.9,,-31.4,,66,,0,,35,,10,,,,93.96,,,,-35,,NA
-113.52,53.57,EDMONTON BLATCHFORD,3012209,2020/1/17 0:00,2020,1,17,0:00,-26.7,,-31,,67,,0,,33,,10,,,,93.96,,,,-35,,NA
-113.52,53.57,EDMONTON BLATCHFORD,3012209,2020/1/17 1:00,2020,1,17,1:00,-26.6,,-30.8,,68,,0,,33,,12,,,,93.91,,,,-36,,NA
-113.52,53.57,EDMONTON BLATCHFORD,3012209,2020/1/17 2:00,2020,1,17,2:00,-26.7,,-30.7,,69,,0,,31,,12,,,,93.92,,,,-36,,NA
-113.52,53.57,EDMONTON BLATCHFORD,3012209,2020/1/17 3:00,2020,1,17,3:00,-26.7,,-30.9,,68,,0,,32,,14,,,,93.96,,,,-37,,NA
-113.52,53.57,EDMONTON BLATCHFORD,3012209,2020/1/17 4:00,2020,1,17,4:00,-26.8,,-31,,67,,0,,31,,18,,,,93.96,,,,-38,,NA
-113.52,53.57,EDMONTON BLATCHFORD,3012209,2020/1/17 5:00,2020,1,17,5:00,-26.7,,-31.2,,66,,0,,32,,17,,,,94,,,,-38,,NA
-113.52,53.57,EDMONTON BLATCHFORD,3012209,2020/1/17 6:00,2020,1,17,6:00,-26.5,,-30.8,,67,,0,,32,,15,,,,94.03,,,,-37,,NA
-113.52,53.57,EDMONTON BLATCHFORD,3012209,2020/1/17 7:00,2020,1,17,7:00,-26.3,,-30.6,,67,,0,,32,,15,,,,94.1,,,,-37,,NA
-113.52,53.57,EDMONTON BLATCHFORD,3012209,2020/1/17 8:00,2020,1,17,8:00,-25.9,,-30.1,,68,,0,,31,,16,,,,94.13,,,,-37,,NA
-113.52,53.57,EDMONTON BLATCHFORD,3012209,2020/1/17 9:00,2020,1,17,9:00,-25.5,,-29.6,,68,,0,,31,,17,,,,94.2,,,,-37,,NA
-113.52,53.57,EDMONTON BLATCHFORD,3012209,2020/1/17 10:00,2020,1,17,10:00,-26.4,,-30.5,,68,,0,,29,,17,,,,94.29,,,,-38,,NA
-113.52,53.57,EDMONTON BLATCHFORD,3012209,2020/1/17 11:00,2020,1,17,11:00,-26.3,,-30.6,,67,,0,,29,,17,,,,94.39,,,,-38,,NA
-113.52,53.57,EDMONTON BLATCHFORD,3012209,2020/1/17 12:00,2020,1,17,12:00,-25.6,,-30.9,,61,,0.2,,30,,18,,,,94.37,,,,-37,,NA
-113.52,53.57,EDMONTON BLATCHFORD,3012209,2020/1/17 13:00,2020,1,17,13:00,-24.8,,-30.5,,59,,0,,31,,20,,,,94.39,,,,-37,,NA
-113.52,53.57,EDMONTON BLATCHFORD,3012209,2020/1/17 14:00,2020,1,17,14:00,-24.3,,-30.3,,58,,0,,29,,16,,,,94.44,,,,-35,,NA
-113.52,53.57,EDMONTON BLATCHFORD,3012209,2020/1/17 15:00,2020,1,17,15:00,-24.3,,-29.8,,60,,0,,31,,17,,,,94.49,,,,-35,,NA
-113.52,53.57,EDMONTON BLATCHFORD,3012209,2020/1/17 16:00,2020,1,17,16:00,-24.4,,-29.7,,61,,0,,30,,17,,,,94.63,,,,-35,,NA
-113.52,53.57,EDMONTON BLATCHFORD,3012209,2020/1/17 17:00,2020,1,17,17:00,-25.1,,-29.9,,64,,0,,29,,16,,,,94.72,,,,-36,,NA
-113.52,53.57,EDMONTON BLATCHFORD,3012209,2020/1/17 18:00,2020,1,17,18:00,-25.6,,-30.5,,64,,0,,29,,15,,,,94.8,,,,-36,,NA
-113.52,53.57,EDMONTON BLATCHFORD,3012209,2020/1/17 19:00,2020,1,17,19:00,-25.8,,-30.5,,65,,0,,29,,12,,,,94.85,,,,-35,,NA
-113.52,53.57,EDMONTON BLATCHFORD,3012209,2020/1/17 20:00,2020,1,17,20:00,-26.3,,-30.8,,66,,0,,29,,14,,,,94.87,,,,-36,,NA
-113.52,53.57,EDMONTON BLATCHFORD,3012209,2020/1/17 21:00,2020,1,17,21:00,-26.3,,-30.7,,67,,0,,30,,12,,,,94.92,,,,-36,,NA
-113.52,53.57,EDMONTON BLATCHFORD,3012209,2020/1/17 22:00,2020,1,17,22:00,-26.5,,-31,,66,,0,,29,,13,,,,94.93,,,,-36,,NA
-113.52,53.57,EDMONTON BLATCHFORD,3012209,2020/1/17 23:00,2020,1,17,23:00,-26.6,,-31.2,,65,,0,,30,,16,,,,94.94,,,,-38,,NA
-113.52,53.57,EDMONTON BLATCHFORD,3012209,2020/1/18 0:00,2020,1,18,0:00,-26.9,,-31.5,,65,,0,,29,,13,,,,95,,,,-37,,NA
-113.52,53.57,EDMONTON BLATCHFORD,3012209,2020/1/18 1:00,2020,1,18,1:00,-26.8,,-31.2,,66,,0,,29,,13,,,,95.06,,,,-37,,NA
-113.52,53.57,EDMONTON BLATCHFORD,3012209,2020/1/18 2:00,2020,1,18,2:00,-26.5,,-30.9,,67,,0,,31,,12,,,,95.09,,,,-36,,NA
-113.52,53.57,EDMONTON BLATCHFORD,3012209,2020/1/18 3:00,2020,1,18,3:00,-27.2,,-31.3,,68,,0,,28,,10,,,,95.19,,,,-36,,NA
-113.52,53.57,EDMONTON BLATCHFORD,3012209,2020/1/18 4:00,2020,1,18,4:00,-27.1,,-30.9,,71,,0,,29,,7,,,,95.2,,,,-34,,NA
-113.52,53.57,EDMONTON BLATCHFORD,3012209,2020/1/18 5:00,2020,1,18,5:00,-27,,-30.8,,70,,0,,28,,10,,,,95.25,,,,-36,,NA
-113.52,53.57,EDMONTON BLATCHFORD,3012209,2020/1/18 6:00,2020,1,18,6:00,-26.8,,-30.5,,71,,0,,29,,10,,,,95.26,,,,-35,,NA
-113.52,53.57,EDMONTON BLATCHFORD,3012209,2020/1/18 7:00,2020,1,18,7:00,-27.1,,-30.6,,72,,0,,31,,9,,,,95.29,,,,-35,,NA
-113.52,53.57,EDMONTON BLATCHFORD,3012209,2020/1/18 8:00,2020,1,18,8:00,-27.3,,-30.6,,74,,0,,31,,8,,,,95.28,,,,-35,,NA
-113.52,53.57,EDMONTON BLATCHFORD,3012209,2020/1/18 9:00,2020,1,18,9:00,-27.3,,-30.6,,73,,0,,31,,8,,,,95.3,,,,-35,,NA
-113.52,53.57,EDMONTON BLATCHFORD,3012209,2020/1/18 10:00,2020,1,18,10:00,-26.2,,-30,,70,,0,,32,,6,,,,95.32,,,,-32,,NA
-113.52,53.57,EDMONTON BLATCHFORD,3012209,2020/1/18 11:00,2020,1,18,11:00,-24.9,,-29.4,,66,,0,,36,,5,,,,95.28,,,,-30,,NA
-113.52,53.57,EDMONTON BLATCHFORD,3012209,2020/1/18 12:00,2020,1,18,12:00,-23.7,,-29.3,,60,,0,,27,,7,,,,95.29,,,,-30,,NA
-113.52,53.57,EDMONTON BLATCHFORD,3012209,2020/1/18 13:00,2020,1,18,13:00,-22.8,,-28.9,,58,,0,,7,,4,,,,95.18,,,,-27,,NA
-113.52,53.57,EDMONTON BLATCHFORD,3012209,2020/1/18 14:00,2020,1,18,14:00,-20,,-27.2,,53,,0,,0,,1,,,,95.16,,,,-21,,NA
-113.52,53.57,EDMONTON BLATCHFORD,3012209,2020/1/18 15:00,2020,1,18,15:00,-23.4,,-28.4,,63,,0,,8,,6,,,,95.12,,,,-29,,NA
-113.52,53.57,EDMONTON BLATCHFORD,3012209,2020/1/18 16:00,2020,1,18,16:00,-23.3,,-27.6,,67,,0,,8,,8,,,,95.12,,,,-30,,NA
-113.52,53.57,EDMONTON BLATCHFORD,3012209,2020/1/18 17:00,2020,1,18,17:00,-24.3,,-27.8,,73,,0,,9,,6,,,,95.12,,,,-30,,NA
-113.52,53.57,EDMONTON BLATCHFORD,3012209,2020/1/18 18:00,2020,1,18,18:00,-24.4,,-27.9,,73,,0,,8,,10,,,,95.11,,,,-32,,NA
-113.52,53.57,EDMONTON BLATCHFORD,3012209,2020/1/18 19:00,2020,1,18,19:00,-24.5,,-28.2,,72,,0,,10,,7,,,,95.1,,,,-31,,NA
-113.52,53.57,EDMONTON BLATCHFORD,3012209,2020/1/18 20:00,2020,1,18,20:00,-24.6,,-28,,73,,0,,8,,5,,,,95.1,,,,-29,,NA
-113.52,53.57,EDMONTON BLATCHFORD,3012209,2020/1/18 21:00,2020,1,18,21:00,-23.3,,-27.3,,70,,0,,13,,8,,,,95.07,,,,-30,,NA
-113.52,53.57,EDMONTON BLATCHFORD,3012209,2020/1/18 22:00,2020,1,18,22:00,-22.9,,-26.9,,70,,0,,13,,7,,,,95.13,,,,-29,,NA
-113.52,53.57,EDMONTON BLATCHFORD,3012209,2020/1/18 23:00,2020,1,18,23:00,-22.7,,-26.8,,69,,0,,13,,10,,,,95.08,,,,-30,,NA
-113.52,53.57,EDMONTON BLATCHFORD,3012209,2020/1/19 0:00,2020,1,19,0:00,-22.8,,-27,,69,,0,,12,,9,,,,94.99,,,,-30,,NA
-113.52,53.57,EDMONTON BLATCHFORD,3012209,2020/1/19 1:00,2020,1,19,1:00,-22.7,,-26.8,,69,,0,,11,,11,,,,94.94,,,,-31,,NA
-113.52,53.57,EDMONTON BLATCHFORD,3012209,2020/1/19 2:00,2020,1,19,2:00,-23,,-27,,70,,0,,10,,8,,,,94.93,,,,-30,,NA
-113.52,53.57,EDMONTON BLATCHFORD,3012209,2020/1/19 3:00,2020,1,19,3:00,-22.9,,-27,,69,,0,,15,,9,,,,94.95,,,,-30,,NA
-113.52,53.57,EDMONTON BLATCHFORD,3012209,2020/1/19 4:00,2020,1,19,4:00,-22.5,,-26.9,,68,,0,,15,,14,,,,94.85,,,,-32,,NA
-113.52,53.57,EDMONTON BLATCHFORD,3012209,2020/1/19 5:00,2020,1,19,5:00,-22.6,,-27,,67,,0,,16,,13,,,,94.83,,,,-32,,NA
-113.52,53.57,EDMONTON BLATCHFORD,3012209,2020/1/19 6:00,2020,1,19,6:00,-22.3,,-26.6,,68,,0,,14,,12,,,,94.73,,,,-31,,NA
-113.52,53.57,EDMONTON BLATCHFORD,3012209,2020/1/19 7:00,2020,1,19,7:00,-22.5,,-26.9,,67,,0,,15,,14,,,,94.7,,,,-32,,NA
-113.52,53.57,EDMONTON BLATCHFORD,3012209,2020/1/19 8:00,2020,1,19,8:00,-22.2,,-26.7,,67,,0,,14,,17,,,,94.58,,,,-32,,NA
-113.52,53.57,EDMONTON BLATCHFORD,3012209,2020/1/19 9:00,2020,1,19,9:00,-21.7,,-26.4,,65,,0,,16,,14,,,,94.55,,,,-31,,NA
-113.52,53.57,EDMONTON BLATCHFORD,3012209,2020/1/19 10:00,2020,1,19,10:00,-21.1,,-26.3,,63,,0,,15,,13,,,,94.49,,,,-30,,NA
-113.52,53.57,EDMONTON BLATCHFORD,3012209,2020/1/19 11:00,2020,1,19,11:00,-20.3,,-26,,61,,0,,18,,17,,,,94.5,,,,-30,,NA
-113.52,53.57,EDMONTON BLATCHFORD,3012209,2020/1/19 12:00,2020,1,19,12:00,-20.1,,-25.7,,61,,0,,18,,20,,,,94.35,,,,-31,,NA
-113.52,53.57,EDMONTON BLATCHFORD,3012209,2020/1/19 13:00,2020,1,19,13:00,-19.3,,-24.9,,61,,0,,18,,17,,,,94.31,,,,-29,,NA
-113.52,53.57,EDMONTON BLATCHFORD,3012209,2020/1/19 14:00,2020,1,19,14:00,-18.5,,-24.2,,61,,0,,17,,13,,,,94.28,,,,-27,,NA
-113.52,53.57,EDMONTON BLATCHFORD,3012209,2020/1/19 15:00,2020,1,19,15:00,-17.8,,-23.6,,60,,0,,17,,8,,,,94.27,,,,-24,,NA
-113.52,53.57,EDMONTON BLATCHFORD,3012209,2020/1/19 16:00,2020,1,19,16:00,-18.1,,-23.6,,62,,0,,13,,12,,,,94.23,,,,-26,,NA
-113.52,53.57,EDMONTON BLATCHFORD,3012209,2020/1/19 17:00,2020,1,19,17:00,-17.7,,-23,,63,,0,,15,,13,,,,94.19,,,,-26,,NA
-113.52,53.57,EDMONTON BLATCHFORD,3012209,2020/1/19 18:00,2020,1,19,18:00,-17.4,,-22.5,,65,,0,,15,,11,,,,94.17,,,,-25,,NA
-113.52,53.57,EDMONTON BLATCHFORD,3012209,2020/1/19 19:00,2020,1,19,19:00,-17.2,,-22,,66,,0,,13,,8,,,,94.13,,,,-23,,NA
-113.52,53.57,EDMONTON BLATCHFORD,3012209,2020/1/19 20:00,2020,1,19,20:00,-17.5,,-21.7,,70,,0,,12,,3,,,,94.06,,,,-20,,NA
-113.52,53.57,EDMONTON BLATCHFORD,3012209,2020/1/19 21:00,2020,1,19,21:00,-17.4,,-21.3,,71,,0,,13,,2,,,,94.02,,,,-19,,NA
-113.52,53.57,EDMONTON BLATCHFORD,3012209,2020/1/19 22:00,2020,1,19,22:00,-16.9,,-20.9,,71,,0,,12,,7,,,,93.92,,,,-22,,NA
-113.52,53.57,EDMONTON BLATCHFORD,3012209,2020/1/19 23:00,2020,1,19,23:00,-17.1,,-20.7,,74,,0,,4,,2,,,,93.89,,,,-19,,NA
-113.52,53.57,EDMONTON BLATCHFORD,3012209,2020/1/20 0:00,2020,1,20,0:00,-16.6,,-20.1,,75,,0,,27,,2,,,,93.85,,,,-18,,NA
-113.52,53.57,EDMONTON BLATCHFORD,3012209,2020/1/20 1:00,2020,1,20,1:00,-16.8,,-20,,76,,0,,24,,4,,,,93.77,,,,-20,,NA
-113.52,53.57,EDMONTON BLATCHFORD,3012209,2020/1/20 2:00,2020,1,20,2:00,-17.2,,-20,,79,,0,,0,,1,,,,93.71,,,,-18,,NA
-113.52,53.57,EDMONTON BLATCHFORD,3012209,2020/1/20 3:00,2020,1,20,3:00,-16.7,,-19.6,,78,,0,,27,,4,,,,93.66,,,,-20,,NA
-113.52,53.57,EDMONTON BLATCHFORD,3012209,2020/1/20 4:00,2020,1,20,4:00,-17.2,,-20.4,,76,,0,,18,,2,,,,93.58,,,,-19,,NA
-113.52,53.57,EDMONTON BLATCHFORD,3012209,2020/1/20 5:00,2020,1,20,5:00,-16.3,,-19.1,,79,,0,,8,,5,,,,93.5,,,,-20,,NA
-113.52,53.57,EDMONTON BLATCHFORD,3012209,2020/1/20 6:00,2020,1,20,6:00,-16,,-18.9,,78,,0,,8,,4,,,,93.43,,,,-19,,NA
-113.52,53.57,EDMONTON BLATCHFORD,3012209,2020/1/20 7:00,2020,1,20,7:00,-15.5,,-18.6,,77,,0,,9,,6,,,,93.33,,,,-20,,NA
-113.52,53.57,EDMONTON BLATCHFORD,3012209,2020/1/20 8:00,2020,1,20,8:00,-14.7,,-18.1,,75,,0,,5,,4,,,,93.22,,,,-18,,NA
-113.52,53.57,EDMONTON BLATCHFORD,3012209,2020/1/20 9:00,2020,1,20,9:00,-13.7,,-17.2,,75,,0,,8,,4,,,,93.15,,,,-16,,NA
-113.52,53.57,EDMONTON BLATCHFORD,3012209,2020/1/20 10:00,2020,1,20,10:00,-12.5,,-16.2,,74,,0,,6,,4,,,,93.09,,,,-15,,NA
-113.52,53.57,EDMONTON BLATCHFORD,3012209,2020/1/20 11:00,2020,1,20,11:00,-10.5,,-14.5,,72,,0,,7,,5,,,,92.97,,,,-14,,NA
-113.52,53.57,EDMONTON BLATCHFORD,3012209,2020/1/20 12:00,2020,1,20,12:00,-9.1,,-13.3,,72,,0,,4,,3,,,,92.85,,,,-11,,NA
-113.52,53.57,EDMONTON BLATCHFORD,3012209,2020/1/20 13:00,2020,1,20,13:00,-7.2,,-11.6,,71,,0,,5,,2,,,,92.76,,,,-8,,NA
-113.52,53.57,EDMONTON BLATCHFORD,3012209,2020/1/20 14:00,2020,1,20,14:00,-6.4,,-11.2,,69,,0,,7,,1,,,,92.63,,,,-7,,NA
-113.52,53.57,EDMONTON BLATCHFORD,3012209,2020/1/20 15:00,2020,1,20,15:00,-5.9,,-10.4,,70,,0,,2,,2,,,,92.58,,,,-7,,NA
-113.52,53.57,EDMONTON BLATCHFORD,3012209,2020/1/20 16:00,2020,1,20,16:00,-6.2,,-10.7,,71,,0,,32,,4,,,,92.56,,,,-8,,NA
-113.52,53.57,EDMONTON BLATCHFORD,3012209,2020/1/20 17:00,2020,1,20,17:00,-6.4,,-10.3,,74,,0,,5,,3,,,,92.54,,,,-8,,NA
-113.52,53.57,EDMONTON BLATCHFORD,3012209,2020/1/20 18:00,2020,1,20,18:00,-7.1,,-10.4,,77,,0,,24,,3,,,,92.53,,,,-9,,NA
-113.52,53.57,EDMONTON BLATCHFORD,3012209,2020/1/20 19:00,2020,1,20,19:00,-7,,-10.1,,78,,0,,24,,7,,,,92.49,,,,-11,,NA
-113.52,53.57,EDMONTON BLATCHFORD,3012209,2020/1/20 20:00,2020,1,20,20:00,-7.6,,-10.6,,79,,0,,23,,6,,,,92.51,,,,-11,,NA
-113.52,53.57,EDMONTON BLATCHFORD,3012209,2020/1/20 21:00,2020,1,20,21:00,-7.3,,-10.5,,78,,0,,22,,6,,,,92.54,,,,-10,,NA
-113.52,53.57,EDMONTON BLATCHFORD,3012209,2020/1/20 22:00,2020,1,20,22:00,-7.1,,-9.9,,80,,0,,23,,6,,,,92.58,,,,-10,,NA
-113.52,53.57,EDMONTON BLATCHFORD,3012209,2020/1/20 23:00,2020,1,20,23:00,-9.1,,-12,,80,,0,,22,,3,,,,92.61,,,,-11,,NA
-113.52,53.57,EDMONTON BLATCHFORD,3012209,2020/1/21 0:00,2020,1,21,0:00,-9.9,,-11.3,,89,,0,,21,,3,,,,92.63,,,,-12,,NA
-113.52,53.57,EDMONTON BLATCHFORD,3012209,2020/1/21 1:00,2020,1,21,1:00,-9.4,,-10.7,,90,,0,,22,,4,,,,92.63,,,,-12,,NA
-113.52,53.57,EDMONTON BLATCHFORD,3012209,2020/1/21 2:00,2020,1,21,2:00,-9,,-10.5,,89,,0,,23,,5,,,,92.64,,,,-12,,NA
-113.52,53.57,EDMONTON BLATCHFORD,3012209,2020/1/21 3:00,2020,1,21,3:00,-8.9,,-10.3,,89,,0,,24,,6,,,,92.68,,,,-12,,NA
-113.52,53.57,EDMONTON BLATCHFORD,3012209,2020/1/21 4:00,2020,1,21,4:00,-9.8,,-10.8,,92,,0,,21,,4,,,,92.72,,,,-12,,NA
-113.52,53.57,EDMONTON BLATCHFORD,3012209,2020/1/21 5:00,2020,1,21,5:00,-10.2,,-11.5,,90,,0,,22,,2,,,,92.74,,,,-11,,NA
-113.52,53.57,EDMONTON BLATCHFORD,3012209,2020/1/21 6:00,2020,1,21,6:00,-8.8,,-9.8,,92,,0,,22,,7,,,,92.75,,,,-13,,NA
-113.52,53.57,EDMONTON BLATCHFORD,3012209,2020/1/21 7:00,2020,1,21,7:00,-9.3,,-10.4,,92,,0,,23,,5,,,,92.74,,,,-12,,NA
-113.52,53.57,EDMONTON BLATCHFORD,3012209,2020/1/21 8:00,2020,1,21,8:00,-7.8,,-8.9,,91,,0,,22,,10,,,,92.75,,,,-13,,NA
-113.52,53.57,EDMONTON BLATCHFORD,3012209,2020/1/21 9:00,2020,1,21,9:00,-8.4,,-9.6,,91,,0,,24,,5,,,,92.75,,,,-11,,NA
-113.52,53.57,EDMONTON BLATCHFORD,3012209,2020/1/21 10:00,2020,1,21,10:00,-6.8,,-8.2,,90,,0,,23,,4,,,,92.77,,,,-9,,NA
-113.52,53.57,EDMONTON BLATCHFORD,3012209,2020/1/21 11:00,2020,1,21,11:00,-4.8,,-6.6,,87,,0,,20,,2,,,,92.76,,,,-6,,NA
-113.52,53.57,EDMONTON BLATCHFORD,3012209,2020/1/21 12:00,2020,1,21,12:00,-1.5,,-5.9,,72,,0,,23,,2,,,,92.74,,,,-2,,NA
-113.52,53.57,EDMONTON BLATCHFORD,3012209,2020/1/21 13:00,2020,1,21,13:00,0.9,,-5.5,,62,,0,,15,,2,,,,92.68,,,,,,NA
-113.52,53.57,EDMONTON BLATCHFORD,3012209,2020/1/21 14:00,2020,1,21,14:00,2.6,,-4.7,,58,,0,,8,,2,,,,92.62,,,,,,NA
-113.52,53.57,EDMONTON BLATCHFORD,3012209,2020/1/21 15:00,2020,1,21,15:00,1.8,,-5.5,,59,,0,,6,,6,,,,92.57,,,,,,NA
-113.52,53.57,EDMONTON BLATCHFORD,3012209,2020/1/21 16:00,2020,1,21,16:00,-0.6,,-5.9,,67,,0,,9,,10,,,,92.54,,,,-4,,NA
-113.52,53.57,EDMONTON BLATCHFORD,3012209,2020/1/21 17:00,2020,1,21,17:00,-2.3,,-6.4,,73,,0,,8,,4,,,,92.5,,,,-4,,NA
-113.52,53.57,EDMONTON BLATCHFORD,3012209,2020/1/21 18:00,2020,1,21,18:00,-2,,-6.2,,73,,0,,7,,13,,,,92.45,,,,-6,,NA
-113.52,53.57,EDMONTON BLATCHFORD,3012209,2020/1/21 19:00,2020,1,21,19:00,-2.5,,-6.9,,72,,0,,9,,13,,,,92.42,,,,-7,,NA
-113.52,53.57,EDMONTON BLATCHFORD,3012209,2020/1/21 20:00,2020,1,21,20:00,-3.6,,-7.3,,75,,0,,7,,11,,,,92.4,,,,-8,,NA
-113.52,53.57,EDMONTON BLATCHFORD,3012209,2020/1/21 21:00,2020,1,21,21:00,-3.1,,-6.8,,75,,0,,9,,11,,,,92.39,,,,-7,,NA
-113.52,53.57,EDMONTON BLATCHFORD,3012209,2020/1/21 22:00,2020,1,21,22:00,-2.5,,-6.4,,74,,0,,9,,13,,,,92.36,,,,-7,,NA
-113.52,53.57,EDMONTON BLATCHFORD,3012209,2020/1/21 23:00,2020,1,21,23:00,-2.1,,-6.4,,73,,0,,8,,12,,,,92.33,,,,-6,,NA
-113.52,53.57,EDMONTON BLATCHFORD,3012209,2020/1/22 0:00,2020,1,22,0:00,-2.5,,-6.3,,75,,0,,8,,10,,,,92.35,,,,-6,,NA
-113.52,53.57,EDMONTON BLATCHFORD,3012209,2020/1/22 1:00,2020,1,22,1:00,-2.5,,-6.4,,75,,0,,10,,6,,,,92.35,,,,-5,,NA
-113.52,53.57,EDMONTON BLATCHFORD,3012209,2020/1/22 2:00,2020,1,22,2:00,-2.6,,-6.1,,77,,0,,10,,6,,,,92.37,,,,-5,,NA
-113.52,53.57,EDMONTON BLATCHFORD,3012209,2020/1/22 3:00,2020,1,22,3:00,-2.5,,-5.6,,79,,0,,9,,5,,,,92.43,,,,-4,,NA
-113.52,53.57,EDMONTON BLATCHFORD,3012209,2020/1/22 4:00,2020,1,22,4:00,-3.1,,-4.4,,91,,0,,6,,4,,,,92.44,,,,-5,,NA
-113.52,53.57,EDMONTON BLATCHFORD,3012209,2020/1/22 5:00,2020,1,22,5:00,-3.3,,-4.3,,93,,0.2,,36,,5,,,,92.46,,,,-5,,NA
-113.52,53.57,EDMONTON BLATCHFORD,3012209,2020/1/22 6:00,2020,1,22,6:00,-3.5,,-4.5,,93,,1.2,,36,,5,,,,92.5,,,,-6,,NA
-113.52,53.57,EDMONTON BLATCHFORD,3012209,2020/1/22 7:00,2020,1,22,7:00,-4.4,,-5.4,,93,,1.9,,35,,9,,,,92.55,,,,-8,,NA
-113.52,53.57,EDMONTON BLATCHFORD,3012209,2020/1/22 8:00,2020,1,22,8:00,-4.5,,-5.6,,92,,0.6,,34,,9,,,,92.62,,,,-8,,NA
-113.52,53.57,EDMONTON BLATCHFORD,3012209,2020/1/22 9:00,2020,1,22,9:00,-4.5,,-5.5,,93,,1,,33,,6,,,,92.67,,,,-7,,NA
-113.52,53.57,EDMONTON BLATCHFORD,3012209,2020/1/22 10:00,2020,1,22,10:00,-4.5,,-5.7,,91,,0.9,,32,,9,,,,92.8,,,,-8,,NA
-113.52,53.57,EDMONTON BLATCHFORD,3012209,2020/1/22 11:00,2020,1,22,11:00,-4.2,,-5.5,,90,,0.8,,33,,8,,,,92.86,,,,-8,,NA
-113.52,53.57,EDMONTON BLATCHFORD,3012209,2020/1/22 12:00,2020,1,22,12:00,-3.8,,-5.4,,88,,0.3,,32,,10,,,,92.92,,,,-8,,NA
-113.52,53.57,EDMONTON BLATCHFORD,3012209,2020/1/22 13:00,2020,1,22,13:00,-3.4,,-4.9,,90,,0.5,,32,,9,,,,92.98,,,,-7,,NA
-113.52,53.57,EDMONTON BLATCHFORD,3012209,2020/1/22 14:00,2020,1,22,14:00,-2.9,,-4.9,,86,,0.2,,36,,8,,,,93.02,,,,-6,,NA
-113.52,53.57,EDMONTON BLATCHFORD,3012209,2020/1/22 15:00,2020,1,22,15:00,-2.5,,-4.6,,85,,0,,32,,5,,,,93.09,,,,-4,,NA
-113.52,53.57,EDMONTON BLATCHFORD,3012209,2020/1/22 16:00,2020,1,22,16:00,-1.8,,-4.6,,82,,0,,1,,1,,,,93.16,,,,-2,,NA
-113.52,53.57,EDMONTON BLATCHFORD,3012209,2020/1/22 17:00,2020,1,22,17:00,-4.4,,-6.6,,85,,0,,25,,3,,,,93.24,,,,-6,,NA
-113.52,53.57,EDMONTON BLATCHFORD,3012209,2020/1/22 18:00,2020,1,22,18:00,-6.1,,-6.9,,94,,0,,11,,2,,,,93.26,,,,-7,,NA
-113.52,53.57,EDMONTON BLATCHFORD,3012209,2020/1/22 19:00,2020,1,22,19:00,-6.2,,-6.8,,95,,0,,22,,7,,,,93.32,,,,-10,,NA
-113.52,53.57,EDMONTON BLATCHFORD,3012209,2020/1/22 20:00,2020,1,22,20:00,-7.1,,-7.8,,95,,0,,21,,4,,,,93.33,,,,-9,,NA
-113.52,53.57,EDMONTON BLATCHFORD,3012209,2020/1/22 21:00,2020,1,22,21:00,-9.2,,-10.3,,92,,0,,25,,5,,,,93.33,,,,-12,,NA
-113.52,53.57,EDMONTON BLATCHFORD,3012209,2020/1/22 22:00,2020,1,22,22:00,-7.9,,-8.7,,94,,0,,24,,8,,,,93.38,,,,-12,,NA
-113.52,53.57,EDMONTON BLATCHFORD,3012209,2020/1/22 23:00,2020,1,22,23:00,-8.9,,-9.9,,93,,0,,23,,8,,,,93.44,,,,-13,,NA
-113.52,53.57,EDMONTON BLATCHFORD,3012209,2020/1/23 0:00,2020,1,23,0:00,-9.9,,-11.1,,91,,0,,23,,6,,,,93.45,,,,-13,,NA
-113.52,53.57,EDMONTON BLATCHFORD,3012209,2020/1/23 1:00,2020,1,23,1:00,-10.6,,-11.9,,90,,0,,23,,4,,,,93.43,,,,-13,,NA
-113.52,53.57,EDMONTON BLATCHFORD,3012209,2020/1/23 2:00,2020,1,23,2:00,-10.1,,-11.4,,90,,0,,24,,7,,,,93.42,,,,-14,,NA
-113.52,53.57,EDMONTON BLATCHFORD,3012209,2020/1/23 3:00,2020,1,23,3:00,-10.2,,-11.7,,89,,0,,25,,7,,,,93.42,,,,-14,,NA
-113.52,53.57,EDMONTON BLATCHFORD,3012209,2020/1/23 4:00,2020,1,23,4:00,-10.6,,-12.1,,89,,0,,25,,5,,,,93.39,,,,-14,,NA
-113.52,53.57,EDMONTON BLATCHFORD,3012209,2020/1/23 5:00,2020,1,23,5:00,-11.1,,-12.5,,90,,0,,25,,7,,,,93.35,,,,-15,,NA
-113.52,53.57,EDMONTON BLATCHFORD,3012209,2020/1/23 6:00,2020,1,23,6:00,-12.4,,-13.9,,88,,0,,22,,3,,,,93.3,,,,-14,,NA
-113.52,53.57,EDMONTON BLATCHFORD,3012209,2020/1/23 7:00,2020,1,23,7:00,-11.3,,-12.8,,88,,0,,22,,4,,,,93.26,,,,-14,,NA
-113.52,53.57,EDMONTON BLATCHFORD,3012209,2020/1/23 8:00,2020,1,23,8:00,-10.6,,-12.1,,89,,0,,20,,8,,,,93.19,,,,-15,,NA
-113.52,53.57,EDMONTON BLATCHFORD,3012209,2020/1/23 9:00,2020,1,23,9:00,-9.7,,-11.2,,88,,0,,21,,4,,,,93.11,,,,-12,,NA
-113.52,53.57,EDMONTON BLATCHFORD,3012209,2020/1/23 10:00,2020,1,23,10:00,-4.6,,-9,,72,,0,,18,,9,,,,93.05,,,,-8,,NA
-113.52,53.57,EDMONTON BLATCHFORD,3012209,2020/1/23 11:00,2020,1,23,11:00,-1.4,,-9.3,,55,,0,,18,,21,,,,93.02,,,,-7,,NA
-113.52,53.57,EDMONTON BLATCHFORD,3012209,2020/1/23 12:00,2020,1,23,12:00,-1,,-8.4,,57,,0,,18,,23,,,,92.93,,,,-7,,NA
-113.52,53.57,EDMONTON BLATCHFORD,3012209,2020/1/23 13:00,2020,1,23,13:00,0.4,,-8.1,,53,,0,,17,,18,,,,92.83,,,,,,NA
-113.52,53.57,EDMONTON BLATCHFORD,3012209,2020/1/23 14:00,2020,1,23,14:00,1,,-7.2,,54,,0,,17,,22,,,,92.76,,,,,,NA
-113.52,53.57,EDMONTON BLATCHFORD,3012209,2020/1/23 15:00,2020,1,23,15:00,0.5,,-6.9,,58,,0,,18,,21,,,,92.74,,,,,,NA
-113.52,53.57,EDMONTON BLATCHFORD,3012209,2020/1/23 16:00,2020,1,23,16:00,0,,-6.6,,61,,0,,18,,22,,,,92.68,,,,-6,,NA
-113.52,53.57,EDMONTON BLATCHFORD,3012209,2020/1/23 17:00,2020,1,23,17:00,-0.3,,-6.4,,64,,0,,18,,19,,,,92.67,,,,-5,,NA
-113.52,53.57,EDMONTON BLATCHFORD,3012209,2020/1/23 18:00,2020,1,23,18:00,-0.7,,-5.9,,68,,0,,17,,16,,,,92.71,,,,-5,,NA
-113.52,53.57,EDMONTON BLATCHFORD,3012209,2020/1/23 19:00,2020,1,23,19:00,-0.7,,-5.3,,71,,0,,18,,15,,,,92.72,,,,-5,,NA
-113.52,53.57,EDMONTON BLATCHFORD,3012209,2020/1/23 20:00,2020,1,23,20:00,-2.3,,-5.9,,76,,0,,25,,4,,,,92.74,,,,-4,,NA
-113.52,53.57,EDMONTON BLATCHFORD,3012209,2020/1/23 21:00,2020,1,23,21:00,-2.3,,-5.7,,78,,0,,22,,8,,,,92.75,,,,-5,,NA
-113.52,53.57,EDMONTON BLATCHFORD,3012209,2020/1/23 22:00,2020,1,23,22:00,-3.1,,-6.3,,79,,0,,24,,10,,,,92.78,,,,-7,,NA
-113.52,53.57,EDMONTON BLATCHFORD,3012209,2020/1/23 23:00,2020,1,23,23:00,-3.2,,-6.2,,80,,0,,21,,8,,,,92.78,,,,-6,,NA
-113.52,53.57,EDMONTON BLATCHFORD,3012209,2020/1/24 0:00,2020,1,24,0:00,-4.1,,-6.7,,82,,0,,22,,10,,,,92.79,,,,-8,,NA
-113.52,53.57,EDMONTON BLATCHFORD,3012209,2020/1/24 1:00,2020,1,24,1:00,-4.9,,-6.5,,89,,0,,23,,6,,,,92.83,,,,-8,,NA
-113.52,53.57,EDMONTON BLATCHFORD,3012209,2020/1/24 2:00,2020,1,24,2:00,-6.1,,-7.6,,90,,0,,21,,6,,,,92.84,,,,-9,,NA
-113.52,53.57,EDMONTON BLATCHFORD,3012209,2020/1/24 3:00,2020,1,24,3:00,-7.1,,-8.9,,87,,0,,25,,3,,,,92.83,,,,-9,,NA
-113.52,53.57,EDMONTON BLATCHFORD,3012209,2020/1/24 4:00,2020,1,24,4:00,-6.6,,-8.4,,87,,0,,24,,8,,,,92.8,,,,-10,,NA
-113.52,53.57,EDMONTON BLATCHFORD,3012209,2020/1/24 5:00,2020,1,24,5:00,-7,,-9.3,,83,,0,,25,,3,,,,92.78,,,,-9,,NA
-113.52,53.57,EDMONTON BLATCHFORD,3012209,2020/1/24 6:00,2020,1,24,6:00,-8.4,,-10.1,,88,,0,,18,,3,,,,92.72,,,,-10,,NA
-113.52,53.57,EDMONTON BLATCHFORD,3012209,2020/1/24 7:00,2020,1,24,7:00,-7.6,,-9.1,,89,,0,,23,,9,,,,92.75,,,,-12,,NA
-113.52,53.57,EDMONTON BLATCHFORD,3012209,2020/1/24 8:00,2020,1,24,8:00,-7.2,,-8.8,,89,,0,,3,,3,,,,92.7,,,,-9,,NA
-113.52,53.57,EDMONTON BLATCHFORD,3012209,2020/1/24 9:00,2020,1,24,9:00,-6.9,,-8.7,,87,,0,,2,,2,,,,92.66,,,,-8,,NA
-113.52,53.57,EDMONTON BLATCHFORD,3012209,2020/1/24 10:00,2020,1,24,10:00,-6.4,,-8.4,,86,,0,,4,,5,,,,92.65,,,,-9,,NA
-113.52,53.57,EDMONTON BLATCHFORD,3012209,2020/1/24 11:00,2020,1,24,11:00,-3.9,,-7.2,,78,,0,,11,,4,,,,92.64,,,,-6,,NA
-113.52,53.57,EDMONTON BLATCHFORD,3012209,2020/1/24 12:00,2020,1,24,12:00,-1.1,,-5.4,,73,,0,,5,,7,,,,92.56,,,,-4,,NA
-113.52,53.57,EDMONTON BLATCHFORD,3012209,2020/1/24 13:00,2020,1,24,13:00,-0.3,,-5.1,,70,,0,,10,,8,,,,92.49,,,,-3,,NA
-113.52,53.57,EDMONTON BLATCHFORD,3012209,2020/1/24 14:00,2020,1,24,14:00,0.5,,-4.5,,69,,0,,3,,4,,,,92.45,,,,,,NA
-113.52,53.57,EDMONTON BLATCHFORD,3012209,2020/1/24 15:00,2020,1,24,15:00,1,,-4,,69,,0,,12,,3,,,,92.41,,,,,,NA
-113.52,53.57,EDMONTON BLATCHFORD,3012209,2020/1/24 16:00,2020,1,24,16:00,-0.1,,-4.1,,74,,0,,2,,3,,,,92.43,,,,-1,,NA
-113.52,53.57,EDMONTON BLATCHFORD,3012209,2020/1/24 17:00,2020,1,24,17:00,-0.1,,-3.7,,77,,0,,33,,3,,,,92.47,,,,-1,,NA
-113.52,53.57,EDMONTON BLATCHFORD,3012209,2020/1/24 18:00,2020,1,24,18:00,-1.2,,-3.7,,83,,0,,27,,3,,,,92.48,,,,-2,,NA
-113.52,53.57,EDMONTON BLATCHFORD,3012209,2020/1/24 19:00,2020,1,24,19:00,-1.7,,-4.3,,82,,0,,33,,4,,,,92.51,,,,-3,,NA
-113.52,53.57,EDMONTON BLATCHFORD,3012209,2020/1/24 20:00,2020,1,24,20:00,-3.2,,-5.5,,84,,0,,31,,4,,,,92.56,,,,-5,,NA
-113.52,53.57,EDMONTON BLATCHFORD,3012209,2020/1/24 21:00,2020,1,24,21:00,-4.8,,-6.3,,89,,0,,26,,7,,,,92.59,,,,-8,,NA
-113.52,53.57,EDMONTON BLATCHFORD,3012209,2020/1/24 22:00,2020,1,24,22:00,-4.9,,-7.1,,84,,0,,30,,10,,,,92.64,,,,-9,,NA
-113.52,53.57,EDMONTON BLATCHFORD,3012209,2020/1/24 23:00,2020,1,24,23:00,-5.4,,-7.3,,87,,0,,30,,9,,,,92.68,,,,-9,,NA
-113.52,53.57,EDMONTON BLATCHFORD,3012209,2020/1/25 0:00,2020,1,25,0:00,-7.2,,-8.7,,89,,0,,27,,4,,,,92.72,,,,-9,,NA
-113.52,53.57,EDMONTON BLATCHFORD,3012209,2020/1/25 1:00,2020,1,25,1:00,-8.3,,-9.1,,94,,0,,27,,6,,,,92.77,,,,-12,,NA
-113.52,53.57,EDMONTON BLATCHFORD,3012209,2020/1/25 2:00,2020,1,25,2:00,-9.7,,-10.5,,94,,0,,28,,2,,,,92.8,,,,-11,,NA
-113.52,53.57,EDMONTON BLATCHFORD,3012209,2020/1/25 3:00,2020,1,25,3:00,-8.8,,-10,,91,,0,,30,,4,,,,92.89,,,,-11,,NA
-113.52,53.57,EDMONTON BLATCHFORD,3012209,2020/1/25 4:00,2020,1,25,4:00,-9.3,,-10.5,,91,,0,,27,,5,,,,92.93,,,,-12,,NA
-113.52,53.57,EDMONTON BLATCHFORD,3012209,2020/1/25 5:00,2020,1,25,5:00,-10.6,,-12,,90,,0,,27,,4,,,,93.01,,,,-13,,NA
-113.52,53.57,EDMONTON BLATCHFORD,3012209,2020/1/25 6:00,2020,1,25,6:00,-9.8,,-11,,91,,0,,25,,2,,,,93.03,,,,-11,,NA
-113.52,53.57,EDMONTON BLATCHFORD,3012209,2020/1/25 7:00,2020,1,25,7:00,-9.3,,-10.3,,93,,0,,22,,5,,,,93.05,,,,-12,,NA
-113.52,53.57,EDMONTON BLATCHFORD,3012209,2020/1/25 8:00,2020,1,25,8:00,-9.5,,-10.6,,92,,0,,23,,5,,,,93.08,,,,-12,,NA
-113.52,53.57,EDMONTON BLATCHFORD,3012209,2020/1/25 9:00,2020,1,25,9:00,-8.4,,-9.5,,92,,0,,23,,4,,,,93.11,,,,-11,,NA
-113.52,53.57,EDMONTON BLATCHFORD,3012209,2020/1/25 10:00,2020,1,25,10:00,-6.2,,-7.6,,90,,0,,27,,3,,,,93.15,,,,-8,,NA
-113.52,53.57,EDMONTON BLATCHFORD,3012209,2020/1/25 11:00,2020,1,25,11:00,-4.1,,-5.6,,89,,0,,17,,3,,,,93.2,,,,-5,,NA
-113.52,53.57,EDMONTON BLATCHFORD,3012209,2020/1/25 12:00,2020,1,25,12:00,1.3,,-4.1,,68,,0,,22,,2,,,,93.24,,,,,,NA
-113.52,53.57,EDMONTON BLATCHFORD,3012209,2020/1/25 13:00,2020,1,25,13:00,3.7,,-3.4,,60,,0,,22,,2,,,,93.26,,,,,,NA
-113.52,53.57,EDMONTON BLATCHFORD,3012209,2020/1/25 14:00,2020,1,25,14:00,3.9,,-3.9,,57,,0,,0,,1,,,,93.28,,,,,,NA
-113.52,53.57,EDMONTON BLATCHFORD,3012209,2020/1/25 15:00,2020,1,25,15:00,3.2,,-3.8,,60,,0,,18,,3,,,,93.32,,,,,,NA
-113.52,53.57,EDMONTON BLATCHFORD,3012209,2020/1/25 16:00,2020,1,25,16:00,3.2,,-3.5,,61,,0,,,,0,,,,93.35,,,,,,NA
-113.52,53.57,EDMONTON BLATCHFORD,3012209,2020/1/25 17:00,2020,1,25,17:00,-0.4,,-4.3,,75,,0,,27,,2,,,,93.37,,,,-1,,NA
-113.52,53.57,EDMONTON BLATCHFORD,3012209,2020/1/25 18:00,2020,1,25,18:00,-2.7,,-4.2,,89,,0,,19,,1,,,,93.39,,,,-3,,NA
-113.52,53.57,EDMONTON BLATCHFORD,3012209,2020/1/25 19:00,2020,1,25,19:00,-3.1,,-4.3,,92,,0,,34,,1,,,,93.41,,,,-4,,NA
-113.52,53.57,EDMONTON BLATCHFORD,3012209,2020/1/25 20:00,2020,1,25,20:00,-5,,-5.9,,94,,0,,25,,2,,,,93.44,,,,-6,,NA
-113.52,53.57,EDMONTON BLATCHFORD,3012209,2020/1/25 21:00,2020,1,25,21:00,-5.2,,-6,,94,,0,,24,,4,,,,93.46,,,,-7,,NA
-113.52,53.57,EDMONTON BLATCHFORD,3012209,2020/1/25 22:00,2020,1,25,22:00,-4.4,,-5.7,,90,,0,,22,,6,,,,93.51,,,,-7,,NA
-113.52,53.57,EDMONTON BLATCHFORD,3012209,2020/1/25 23:00,2020,1,25,23:00,-5.3,,-6.9,,89,,0,,24,,10,,,,93.56,,,,-10,,NA
-113.52,53.57,EDMONTON BLATCHFORD,3012209,2020/1/26 0:00,2020,1,26,0:00,-7.4,,-8.8,,90,,0,,24,,5,,,,93.58,,,,-10,,NA
-113.52,53.57,EDMONTON BLATCHFORD,3012209,2020/1/26 1:00,2020,1,26,1:00,-7.6,,-8.4,,94,,0,,23,,4,,,,93.57,,,,-10,,NA
-113.52,53.57,EDMONTON BLATCHFORD,3012209,2020/1/26 2:00,2020,1,26,2:00,-8,,-8.9,,93,,0,,,,0,,,,93.54,,,,,,NA
-113.52,53.57,EDMONTON BLATCHFORD,3012209,2020/1/26 3:00,2020,1,26,3:00,-8.4,,-9.7,,91,,0,,27,,5,,,,93.57,,,,-11,,NA
-113.52,53.57,EDMONTON BLATCHFORD,3012209,2020/1/26 4:00,2020,1,26,4:00,-9.7,,-10.9,,91,,0,,22,,4,,,,93.62,,,,-12,,NA
-113.52,53.57,EDMONTON BLATCHFORD,3012209,2020/1/26 5:00,2020,1,26,5:00,-10,,-11.1,,92,,0,,0,,1,,,,93.56,,,,-11,,NA
-113.52,53.57,EDMONTON BLATCHFORD,3012209,2020/1/26 6:00,2020,1,26,6:00,-9.6,,-10.8,,91,,0,,24,,9,,,,93.52,,,,-14,,NA
-113.52,53.57,EDMONTON BLATCHFORD,3012209,2020/1/26 7:00,2020,1,26,7:00,-10.4,,-11.8,,90,,0,,25,,6,,,,93.52,,,,-14,,NA
-113.52,53.57,EDMONTON BLATCHFORD,3012209,2020/1/26 8:00,2020,1,26,8:00,-11.3,,-12.6,,90,,0,,25,,5,,,,93.5,,,,-14,,NA
-113.52,53.57,EDMONTON BLATCHFORD,3012209,2020/1/26 9:00,2020,1,26,9:00,-10.7,,-12,,90,,0,,,,0,,,,93.46,,,,,,NA
-113.52,53.57,EDMONTON BLATCHFORD,3012209,2020/1/26 10:00,2020,1,26,10:00,-7.9,,-9.6,,87,,0,,0,,1,,,,93.45,,,,-8,,NA
-113.52,53.57,EDMONTON BLATCHFORD,3012209,2020/1/26 11:00,2020,1,26,11:00,-3.9,,-6.8,,80,,0,,12,,2,,,,93.41,,,,-5,,NA
-113.52,53.57,EDMONTON BLATCHFORD,3012209,2020/1/26 12:00,2020,1,26,12:00,-1.1,,-6.1,,69,,0.2,,14,,11,,,,93.35,,,,-5,,NA
-113.52,53.57,EDMONTON BLATCHFORD,3012209,2020/1/26 13:00,2020,1,26,13:00,0.9,,-4.9,,65,,0,,14,,12,,,,93.26,,,,,,NA
-113.52,53.57,EDMONTON BLATCHFORD,3012209,2020/1/26 14:00,2020,1,26,14:00,-0.2,,-6.4,,63,,0,,18,,15,,,,93.22,,,,-5,,NA
-113.52,53.57,EDMONTON BLATCHFORD,3012209,2020/1/26 15:00,2020,1,26,15:00,-2.5,,-7.8,,67,,0,,13,,15,,,,93.18,,,,-7,,NA
-113.52,53.57,EDMONTON BLATCHFORD,3012209,2020/1/26 16:00,2020,1,26,16:00,-3.8,,-9.3,,65,,0,,13,,15,,,,93.17,,,,-9,,NA
-113.52,53.57,EDMONTON BLATCHFORD,3012209,2020/1/26 17:00,2020,1,26,17:00,-4.1,,-7.8,,75,,0,,15,,10,,,,93.12,,,,-8,,NA
-113.52,53.57,EDMONTON BLATCHFORD,3012209,2020/1/26 18:00,2020,1,26,18:00,-3.4,,-6,,82,,0,,14,,18,,,,93.13,,,,-9,,NA
-113.52,53.57,EDMONTON BLATCHFORD,3012209,2020/1/26 19:00,2020,1,26,19:00,-3.7,,-5.8,,86,,0,,15,,18,,,,93.09,,,,-10,,NA
-113.52,53.57,EDMONTON BLATCHFORD,3012209,2020/1/26 20:00,2020,1,26,20:00,-3.6,,-5.5,,87,,0,,15,,19,,,,93.08,,,,-10,,NA
-113.52,53.57,EDMONTON BLATCHFORD,3012209,2020/1/26 21:00,2020,1,26,21:00,-3.4,,-5,,89,,0,,17,,17,,,,93.1,,,,-9,,NA
-113.52,53.57,EDMONTON BLATCHFORD,3012209,2020/1/26 22:00,2020,1,26,22:00,-3.3,,-5,,88,,0,,17,,19,,,,93.12,,,,-9,,NA
-113.52,53.57,EDMONTON BLATCHFORD,3012209,2020/1/26 23:00,2020,1,26,23:00,-3.8,,-5.5,,88,,0,,17,,19,,,,93.12,,,,-10,,NA
-113.52,53.57,EDMONTON BLATCHFORD,3012209,2020/1/27 0:00,2020,1,27,0:00,-4,,-5.2,,91,,0,,18,,19,,,,93.12,,,,-10,,NA
-113.52,53.57,EDMONTON BLATCHFORD,3012209,2020/1/27 1:00,2020,1,27,1:00,-4,,-5.1,,93,,0,,17,,16,,,,93.13,,,,-10,,NA
-113.52,53.57,EDMONTON BLATCHFORD,3012209,2020/1/27 2:00,2020,1,27,2:00,-4.2,,-5,,95,,0,,19,,14,,,,93.13,,,,-9,,NA
-113.52,53.57,EDMONTON BLATCHFORD,3012209,2020/1/27 3:00,2020,1,27,3:00,-4.3,,-4.9,,96,,0,,18,,12,,,,93.17,,,,-9,,NA
-113.52,53.57,EDMONTON BLATCHFORD,3012209,2020/1/27 4:00,2020,1,27,4:00,-4.6,,-5.1,,96,,0,,18,,10,,,,93.18,,,,-9,,NA
-113.52,53.57,EDMONTON BLATCHFORD,3012209,2020/1/27 5:00,2020,1,27,5:00,-5,,-5.7,,95,,0,,22,,7,,,,93.2,,,,-8,,NA
-113.52,53.57,EDMONTON BLATCHFORD,3012209,2020/1/27 6:00,2020,1,27,6:00,-5.5,,-6.1,,95,,0,,23,,7,,,,93.21,,,,-9,,NA
-113.52,53.57,EDMONTON BLATCHFORD,3012209,2020/1/27 7:00,2020,1,27,7:00,-5.8,,-6.4,,95,,0,,20,,4,,,,93.21,,,,-8,,NA
-113.52,53.57,EDMONTON BLATCHFORD,3012209,2020/1/27 8:00,2020,1,27,8:00,-6.3,,-7,,95,,0,,18,,6,,,,93.24,,,,-9,,NA
-113.52,53.57,EDMONTON BLATCHFORD,3012209,2020/1/27 9:00,2020,1,27,9:00,-7.2,,-8,,94,,0,,23,,3,,,,93.27,,,,-9,,NA
-113.52,53.57,EDMONTON BLATCHFORD,3012209,2020/1/27 10:00,2020,1,27,10:00,-7.1,,-8.2,,92,,0,,25,,3,,,,93.3,,,,-9,,NA
-113.52,53.57,EDMONTON BLATCHFORD,3012209,2020/1/27 11:00,2020,1,27,11:00,-4.3,,-5.7,,90,,0,,,,0,,,,93.29,,,,,,NA
-113.52,53.57,EDMONTON BLATCHFORD,3012209,2020/1/27 12:00,2020,1,27,12:00,-1.8,,-5.4,,77,,0,,14,,3,,,,93.31,,,,-3,,NA
-113.52,53.57,EDMONTON BLATCHFORD,3012209,2020/1/27 13:00,2020,1,27,13:00,-0.3,,-6.3,,64,,0,,12,,3,,,,93.3,,,,-1,,NA
-113.52,53.57,EDMONTON BLATCHFORD,3012209,2020/1/27 14:00,2020,1,27,14:00,-3.3,,-7.1,,75,,0,,8,,7,,,,93.29,,,,-6,,NA
-113.52,53.57,EDMONTON BLATCHFORD,3012209,2020/1/27 15:00,2020,1,27,15:00,-1.7,,-6.7,,69,,0,,9,,4,,,,93.3,,,,-3,,NA
-113.52,53.57,EDMONTON BLATCHFORD,3012209,2020/1/27 16:00,2020,1,27,16:00,-2.1,,-6.6,,71,,0,,0,,1,,,,93.34,,,,-2,,NA
-113.52,53.57,EDMONTON BLATCHFORD,3012209,2020/1/27 17:00,2020,1,27,17:00,-5,,-7.4,,83,,0,,10,,8,,,,93.37,,,,-9,,NA
-113.52,53.57,EDMONTON BLATCHFORD,3012209,2020/1/27 18:00,2020,1,27,18:00,-6.7,,-8.5,,87,,0,,10,,6,,,,93.35,,,,-10,,NA
-113.52,53.57,EDMONTON BLATCHFORD,3012209,2020/1/27 19:00,2020,1,27,19:00,-7.3,,-8.5,,91,,0,,9,,6,,,,93.36,,,,-10,,NA
-113.52,53.57,EDMONTON BLATCHFORD,3012209,2020/1/27 20:00,2020,1,27,20:00,-7.5,,-8.5,,93,,0,,1,,2,,,,93.37,,,,-9,,NA
-113.52,53.57,EDMONTON BLATCHFORD,3012209,2020/1/27 21:00,2020,1,27,21:00,-8.5,,-9.6,,92,,0,,4,,3,,,,93.36,,,,-10,,NA
-113.52,53.57,EDMONTON BLATCHFORD,3012209,2020/1/27 22:00,2020,1,27,22:00,-8.1,,-9.1,,92,,0,,13,,2,,,,93.33,,,,-9,,NA
-113.52,53.57,EDMONTON BLATCHFORD,3012209,2020/1/27 23:00,2020,1,27,23:00,-6.9,,-8.3,,90,,0,,34,,6,,,,93.33,,,,-10,,NA
-113.52,53.57,EDMONTON BLATCHFORD,3012209,2020/1/28 0:00,2020,1,28,0:00,-8.9,,-10,,92,,0,,36,,2,,,,93.33,,,,-10,,NA
-113.52,53.57,EDMONTON BLATCHFORD,3012209,2020/1/28 1:00,2020,1,28,1:00,-10.1,,-11.6,,89,,0,,4,,6,,,,93.33,,,,-14,,NA
-113.52,53.57,EDMONTON BLATCHFORD,3012209,2020/1/28 2:00,2020,1,28,2:00,-10.5,,-11.9,,89,,0,,26,,3,,,,93.32,,,,-12,,NA
-113.52,53.57,EDMONTON BLATCHFORD,3012209,2020/1/28 3:00,2020,1,28,3:00,-10.6,,-11.7,,91,,0,,1,,2,,,,93.34,,,,-12,,NA
-113.52,53.57,EDMONTON BLATCHFORD,3012209,2020/1/28 4:00,2020,1,28,4:00,-11.6,,-12.9,,90,,0,,3,,1,,,,93.32,,,,-12,,NA
-113.52,53.57,EDMONTON BLATCHFORD,3012209,2020/1/28 5:00,2020,1,28,5:00,-12.3,,-13.6,,90,,0,,11,,4,,,,93.29,,,,-15,,NA
-113.52,53.57,EDMONTON BLATCHFORD,3012209,2020/1/28 6:00,2020,1,28,6:00,-12.2,,-13.8,,88,,0,,36,,2,,,,93.29,,,,-13,,NA
-113.52,53.57,EDMONTON BLATCHFORD,3012209,2020/1/28 7:00,2020,1,28,7:00,-12.7,,-14.4,,87,,0,,31,,4,,,,93.27,,,,-15,,NA
-113.52,53.57,EDMONTON BLATCHFORD,3012209,2020/1/28 8:00,2020,1,28,8:00,-13.4,,-15,,88,,0,,6,,2,,,,93.28,,,,-15,,NA
-113.52,53.57,EDMONTON BLATCHFORD,3012209,2020/1/28 9:00,2020,1,28,9:00,-13.1,,-14.8,,87,,0,,12,,4,,,,93.27,,,,-16,,NA
-113.52,53.57,EDMONTON BLATCHFORD,3012209,2020/1/28 10:00,2020,1,28,10:00,-12.7,,-14.3,,88,,0,,11,,3,,,,93.28,,,,-15,,NA
-113.52,53.57,EDMONTON BLATCHFORD,3012209,2020/1/28 11:00,2020,1,28,11:00,-10,,-11.7,,88,,0,,4,,3,,,,93.29,,,,-12,,NA
-113.52,53.57,EDMONTON BLATCHFORD,3012209,2020/1/28 12:00,2020,1,28,12:00,-7.1,,-9.3,,84,,0,,23,,1,,,,93.29,,,,-8,,NA
-113.52,53.57,EDMONTON BLATCHFORD,3012209,2020/1/28 13:00,2020,1,28,13:00,-7.9,,-11.1,,78,,0,,30,,5,,,,93.35,,,,-11,,NA
-113.52,53.57,EDMONTON BLATCHFORD,3012209,2020/1/28 14:00,2020,1,28,14:00,-8,,-11,,79,,0,,3,,6,,,,93.32,,,,-11,,NA
-113.52,53.57,EDMONTON BLATCHFORD,3012209,2020/1/28 15:00,2020,1,28,15:00,-7.8,,-10.8,,79,,0,,8,,6,,,,93.3,,,,-11,,NA
-113.52,53.57,EDMONTON BLATCHFORD,3012209,2020/1/28 16:00,2020,1,28,16:00,-6.8,,-10.4,,76,,0,,18,,2,,,,93.35,,,,-8,,NA
-113.52,53.57,EDMONTON BLATCHFORD,3012209,2020/1/28 17:00,2020,1,28,17:00,-7.7,,-11.1,,76,,0,,29,,7,,,,93.45,,,,-11,,NA
-113.52,53.57,EDMONTON BLATCHFORD,3012209,2020/1/28 18:00,2020,1,28,18:00,-10.1,,-12.8,,81,,0,,4,,2,,,,93.51,,,,-11,,NA
-113.52,53.57,EDMONTON BLATCHFORD,3012209,2020/1/28 19:00,2020,1,28,19:00,-10.9,,-12.8,,86,,0,,4,,3,,,,93.56,,,,-13,,NA
-113.52,53.57,EDMONTON BLATCHFORD,3012209,2020/1/28 20:00,2020,1,28,20:00,-12.4,,-13.6,,90,,0,,10,,1,,,,93.62,,,,-13,,NA
-113.52,53.57,EDMONTON BLATCHFORD,3012209,2020/1/28 21:00,2020,1,28,21:00,-12.5,,-13.8,,89,,0,,12,,2,,,,93.65,,,,-14,,NA
-113.52,53.57,EDMONTON BLATCHFORD,3012209,2020/1/28 22:00,2020,1,28,22:00,-12.7,,-14.1,,89,,0,,22,,3,,,,93.61,,,,-15,,NA
-113.52,53.57,EDMONTON BLATCHFORD,3012209,2020/1/28 23:00,2020,1,28,23:00,-12.2,,-13.8,,88,,0,,23,,3,,,,93.64,,,,-14,,NA
-113.52,53.57,EDMONTON BLATCHFORD,3012209,2020/1/29 0:00,2020,1,29,0:00,-12.4,,-14,,88,,0,,22,,8,,,,93.68,,,,-17,,NA
-113.52,53.57,EDMONTON BLATCHFORD,3012209,2020/1/29 1:00,2020,1,29,1:00,-12.7,,-14.3,,88,,0,,24,,8,,,,93.69,,,,-18,,NA
-113.52,53.57,EDMONTON BLATCHFORD,3012209,2020/1/29 2:00,2020,1,29,2:00,-12.9,,-14.5,,88,,0,,23,,7,,,,93.7,,,,-17,,NA
-113.52,53.57,EDMONTON BLATCHFORD,3012209,2020/1/29 3:00,2020,1,29,3:00,-14,,-15.8,,86,,0,,23,,4,,,,93.68,,,,-17,,NA
-113.52,53.57,EDMONTON BLATCHFORD,3012209,2020/1/29 4:00,2020,1,29,4:00,-14.9,,-16.8,,86,,0,,24,,5,,,,93.63,,,,-18,,NA
-113.52,53.57,EDMONTON BLATCHFORD,3012209,2020/1/29 5:00,2020,1,29,5:00,-12.9,,-14.6,,87,,0,,25,,5,,,,93.57,,,,-16,,NA
-113.52,53.57,EDMONTON BLATCHFORD,3012209,2020/1/29 6:00,2020,1,29,6:00,-14.4,,-16.4,,85,,0,,21,,1,,,,93.51,,,,-15,,NA
-113.52,53.57,EDMONTON BLATCHFORD,3012209,2020/1/29 7:00,2020,1,29,7:00,-13.9,,-15.6,,87,,0,,24,,2,,,,93.39,,,,-15,,NA
-113.52,53.57,EDMONTON BLATCHFORD,3012209,2020/1/29 8:00,2020,1,29,8:00,-10.7,,-12.1,,90,,0,,17,,7,,,,93.25,,,,-15,,NA
-113.52,53.57,EDMONTON BLATCHFORD,3012209,2020/1/29 9:00,2020,1,29,9:00,-4.1,,-9.2,,68,,0,,18,,21,,,,93.14,,,,-11,,NA
-113.52,53.57,EDMONTON BLATCHFORD,3012209,2020/1/29 10:00,2020,1,29,10:00,-3,,-8.8,,64,,0,,18,,27,,,,93.02,,,,-10,,NA
-113.52,53.57,EDMONTON BLATCHFORD,3012209,2020/1/29 11:00,2020,1,29,11:00,-0.7,,-7.8,,58,,0,,18,,28,,,,92.9,,,,-7,,NA
-113.52,53.57,EDMONTON BLATCHFORD,3012209,2020/1/29 12:00,2020,1,29,12:00,0.6,,-6.8,,58,,0,,18,,30,,,,92.74,,,,,,NA
-113.52,53.57,EDMONTON BLATCHFORD,3012209,2020/1/29 13:00,2020,1,29,13:00,0.7,,-6.2,,60,,0,,18,,31,,,,92.56,,,,,,NA
-113.52,53.57,EDMONTON BLATCHFORD,3012209,2020/1/29 14:00,2020,1,29,14:00,0.9,,-5.9,,60,,0,,18,,26,,,,92.5,,,,,,NA
-113.52,53.57,EDMONTON BLATCHFORD,3012209,2020/1/29 15:00,2020,1,29,15:00,1.2,,-5.6,,60,,0,,18,,23,,,,92.41,,,,,,NA
-113.52,53.57,EDMONTON BLATCHFORD,3012209,2020/1/29 16:00,2020,1,29,16:00,1.1,,-5,,63,,0,,18,,16,,,,92.37,,,,,,NA
-113.52,53.57,EDMONTON BLATCHFORD,3012209,2020/1/29 17:00,2020,1,29,17:00,1,,-4.7,,65,,0,,21,,5,,,,92.48,,,,,,NA
-113.52,53.57,EDMONTON BLATCHFORD,3012209,2020/1/29 18:00,2020,1,29,18:00,0.6,,-2.3,,81,,0,,13,,16,,,,92.35,,,,,,NA
-113.52,53.57,EDMONTON BLATCHFORD,3012209,2020/1/29 19:00,2020,1,29,19:00,0.2,,-2.5,,82,,0,,27,,6,,,,92.49,,,,,,NA
-113.52,53.57,EDMONTON BLATCHFORD,3012209,2020/1/29 20:00,2020,1,29,20:00,-0.3,,-2.4,,85,,0,,20,,7,,,,92.47,,,,-3,,NA
-113.52,53.57,EDMONTON BLATCHFORD,3012209,2020/1/29 21:00,2020,1,29,21:00,-0.2,,-2.8,,82,,0,,27,,6,,,,92.55,,,,-2,,NA
-113.52,53.57,EDMONTON BLATCHFORD,3012209,2020/1/29 22:00,2020,1,29,22:00,1.6,,-3.4,,69,,0,,30,,15,,,,92.76,,,,,,NA
-113.52,53.57,EDMONTON BLATCHFORD,3012209,2020/1/29 23:00,2020,1,29,23:00,0.8,,-1.7,,83,,0,,28,,9,,,,92.78,,,,,,NA
-113.52,53.57,EDMONTON BLATCHFORD,3012209,2020/1/30 0:00,2020,1,30,0:00,1.3,,-1.9,,79,,0,,25,,8,,,,92.87,,,,,,NA
-113.52,53.57,EDMONTON BLATCHFORD,3012209,2020/1/30 1:00,2020,1,30,1:00,0.7,,-3.1,,76,,0,,26,,10,,,,92.93,,,,,,NA
-113.52,53.57,EDMONTON BLATCHFORD,3012209,2020/1/30 2:00,2020,1,30,2:00,0.1,,-4.5,,71,,0,,26,,10,,,,93.01,,,,,,NA
-113.52,53.57,EDMONTON BLATCHFORD,3012209,2020/1/30 3:00,2020,1,30,3:00,-1.1,,-5.2,,74,,0,,24,,7,,,,93.09,,,,-4,,NA
-113.52,53.57,EDMONTON BLATCHFORD,3012209,2020/1/30 4:00,2020,1,30,4:00,-2,,-5.9,,75,,0,,25,,9,,,,93.21,,,,-5,,NA
-113.52,53.57,EDMONTON BLATCHFORD,3012209,2020/1/30 5:00,2020,1,30,5:00,-2.9,,-6.2,,78,,0,,23,,9,,,,93.28,,,,-6,,NA
-113.52,53.57,EDMONTON BLATCHFORD,3012209,2020/1/30 6:00,2020,1,30,6:00,-2.9,,-6.8,,74,,0,,25,,9,,,,93.36,,,,-6,,NA
-113.52,53.57,EDMONTON BLATCHFORD,3012209,2020/1/30 7:00,2020,1,30,7:00,-3.4,,-7.7,,72,,0,,26,,7,,,,93.43,,,,-6,,NA
-113.52,53.57,EDMONTON BLATCHFORD,3012209,2020/1/30 8:00,2020,1,30,8:00,-7.3,,-9.8,,82,,0,,18,,5,,,,93.48,,,,-10,,NA
-113.52,53.57,EDMONTON BLATCHFORD,3012209,2020/1/30 9:00,2020,1,30,9:00,-4,,-9.3,,67,,0,,22,,8,,,,93.57,,,,-7,,NA
-113.52,53.57,EDMONTON BLATCHFORD,3012209,2020/1/30 10:00,2020,1,30,10:00,-0.2,,-8.9,,52,,0,,26,,11,,,,93.65,,,,-4,,NA
-113.52,53.57,EDMONTON BLATCHFORD,3012209,2020/1/30 11:00,2020,1,30,11:00,0.8,,-8.9,,48,,0,,24,,11,,,,93.67,,,,,,NA
-113.52,53.57,EDMONTON BLATCHFORD,3012209,2020/1/30 12:00,2020,1,30,12:00,1.8,,-8.8,,45,,0,,25,,10,,,,93.63,,,,,,NA
-113.52,53.57,EDMONTON BLATCHFORD,3012209,2020/1/30 13:00,2020,1,30,13:00,2.8,,-8.1,,44,,0,,19,,9,,,,93.53,,,,,,NA
-113.52,53.57,EDMONTON BLATCHFORD,3012209,2020/1/30 14:00,2020,1,30,14:00,3.4,,-7.9,,43,,0,,16,,8,,,,93.41,,,,,,NA
-113.52,53.57,EDMONTON BLATCHFORD,3012209,2020/1/30 15:00,2020,1,30,15:00,3.1,,-8.2,,43,,0,,17,,12,,,,93.32,,,,,,NA
-113.52,53.57,EDMONTON BLATCHFORD,3012209,2020/1/30 16:00,2020,1,30,16:00,-0.9,,-9.2,,53,,0,,18,,12,,,,93.25,,,,-5,,NA
-113.52,53.57,EDMONTON BLATCHFORD,3012209,2020/1/30 17:00,2020,1,30,17:00,-0.7,,-9.2,,53,,0,,17,,16,,,,93.02,,,,-5,,NA
-113.52,53.57,EDMONTON BLATCHFORD,3012209,2020/1/30 18:00,2020,1,30,18:00,-1.1,,-9.2,,54,,0,,18,,19,,,,92.91,,,,-6,,NA
-113.52,53.57,EDMONTON BLATCHFORD,3012209,2020/1/30 19:00,2020,1,30,19:00,-0.3,,-8.1,,55,,0,,18,,21,,,,92.69,,,,-6,,NA
-113.52,53.57,EDMONTON BLATCHFORD,3012209,2020/1/30 20:00,2020,1,30,20:00,0.3,,-7.4,,56,,0,,18,,25,,,,92.51,,,,,,NA
-113.52,53.57,EDMONTON BLATCHFORD,3012209,2020/1/30 21:00,2020,1,30,21:00,0.7,,-6.8,,57,,0,,20,,20,,,,92.38,,,,,,NA
-113.52,53.57,EDMONTON BLATCHFORD,3012209,2020/1/30 22:00,2020,1,30,22:00,1.5,,-6.2,,56,,0,,21,,24,,,,92.26,,,,,,NA
-113.52,53.57,EDMONTON BLATCHFORD,3012209,2020/1/30 23:00,2020,1,30,23:00,2,,-5.4,,58,,0,,21,,17,,,,92.17,,,,,,NA
-113.52,53.57,EDMONTON BLATCHFORD,3012209,2020/1/31 0:00,2020,1,31,0:00,0.3,,-6.3,,61,,0,,21,,12,,,,92.16,,,,,,NA
-113.52,53.57,EDMONTON BLATCHFORD,3012209,2020/1/31 1:00,2020,1,31,1:00,-1.7,,-6.6,,69,,0,,25,,7,,,,92.21,,,,-4,,NA
-113.52,53.57,EDMONTON BLATCHFORD,3012209,2020/1/31 2:00,2020,1,31,2:00,0.2,,-7.2,,58,,0,,25,,11,,,,92.3,,,,,,NA
-113.52,53.57,EDMONTON BLATCHFORD,3012209,2020/1/31 3:00,2020,1,31,3:00,2.1,,-6.9,,51,,0,,29,,16,,,,92.49,,,,,,NA
-113.52,53.57,EDMONTON BLATCHFORD,3012209,2020/1/31 4:00,2020,1,31,4:00,2.5,,-6.6,,51,,0,,28,,15,,,,92.59,,,,,,NA
-113.52,53.57,EDMONTON BLATCHFORD,3012209,2020/1/31 5:00,2020,1,31,5:00,2.7,,-6.1,,52,,0,,27,,17,,,,92.69,,,,,,NA
-113.52,53.57,EDMONTON BLATCHFORD,3012209,2020/1/31 6:00,2020,1,31,6:00,0.7,,-6.6,,58,,0,,26,,13,,,,92.78,,,,,,NA
-113.52,53.57,EDMONTON BLATCHFORD,3012209,2020/1/31 7:00,2020,1,31,7:00,0.8,,-6.3,,59,,0,,26,,11,,,,92.9,,,,,,NA
-113.52,53.57,EDMONTON BLATCHFORD,3012209,2020/1/31 8:00,2020,1,31,8:00,-0.7,,-6.1,,67,,0,,24,,9,,,,92.96,,,,-4,,NA
-113.52,53.57,EDMONTON BLATCHFORD,3012209,2020/1/31 9:00,2020,1,31,9:00,-0.3,,-6,,65,,0,,27,,6,,,,92.99,,,,-2,,NA
-113.52,53.57,EDMONTON BLATCHFORD,3012209,2020/1/31 10:00,2020,1,31,10:00,2,,-5.4,,58,,0,,28,,7,,,,93.01,,,,,,NA
-113.52,53.57,EDMONTON BLATCHFORD,3012209,2020/1/31 11:00,2020,1,31,11:00,3.9,,-5.9,,49,,0,,26,,7,,,,93.01,,,,,,NA
-113.52,53.57,EDMONTON BLATCHFORD,3012209,2020/1/31 12:00,2020,1,31,12:00,2.4,,-5.7,,55,,0,,21,,16,,,,93,,,,,,NA
-113.52,53.57,EDMONTON BLATCHFORD,3012209,2020/1/31 13:00,2020,1,31,13:00,3,,-5.5,,54,,0,,20,,7,,,,92.94,,,,,,NA
-113.52,53.57,EDMONTON BLATCHFORD,3012209,2020/1/31 14:00,2020,1,31,14:00,3.9,,-5.7,,50,,0,,20,,13,,,,92.94,,,,,,NA
-113.52,53.57,EDMONTON BLATCHFORD,3012209,2020/1/31 15:00,2020,1,31,15:00,3.5,,-5.9,,50,,0,,21,,14,,,,92.88,,,,,,NA
-113.52,53.57,EDMONTON BLATCHFORD,3012209,2020/1/31 16:00,2020,1,31,16:00,3,,-5.4,,54,,0,,21,,10,,,,92.8,,,,,,NA
-113.52,53.57,EDMONTON BLATCHFORD,3012209,2020/1/31 17:00,2020,1,31,17:00,2.4,,-5,,58,,0,,21,,14,,,,92.78,,,,,,NA
-113.52,53.57,EDMONTON BLATCHFORD,3012209,2020/1/31 18:00,2020,1,31,18:00,1.6,,-4.8,,63,,0,,20,,7,,,,92.68,,,,,,NA
-113.52,53.57,EDMONTON BLATCHFORD,3012209,2020/1/31 19:00,2020,1,31,19:00,1.7,,-4.4,,64,,0,,14,,7,,,,92.57,,,,,,NA
-113.52,53.57,EDMONTON BLATCHFORD,3012209,2020/1/31 20:00,2020,1,31,20:00,2.7,,-5.7,,54,,0,,14,,17,,,,92.4,,,,,,NA
-113.52,53.57,EDMONTON BLATCHFORD,3012209,2020/1/31 21:00,2020,1,31,21:00,2.5,,-6,,53,,0,,12,,14,,,,92.17,,,,,,NA
-113.52,53.57,EDMONTON BLATCHFORD,3012209,2020/1/31 22:00,2020,1,31,22:00,2.5,,-7,,49,,0,,11,,13,,,,92.13,,,,,,NA
-113.52,53.57,EDMONTON BLATCHFORD,3012209,2020/1/31 23:00,2020,1,31,23:00,2.9,,-8.8,,42,,0,,12,,18,,,,91.86,,,,,,NA
